order_id,customer_id,customer_type,order_date,city,country,total_amount,discount,payment_mode,order_status,delivery_date,product_count
OID1,CUST160,VIP,2025-01-12,Delhi,India,2237.8,405.48,Net Banking,Delivered,2025-01-15,9
OID2,CUST188,VIP,2024-08-29,Surat,India,789.82,145.88,UPI,Pending,2024-09-09,3
OID3,CUST139,VIP,2024-12-09,Mumbai,India,308.76,14.3,Debit Card,Delivered,2024-12-20,5
OID4,CUST273,Guest,2024-12-25,Hyderabad,India,784.29,156.16,Credit Card,Shipped,2025-01-01,10
OID5,CUST156,VIP,2024-03-30,Delhi,India,2456.47,64.27,Credit Card,Shipped,2024-04-09,1
OID6,CUST161,VIP,2025-02-03,Chennai,India,735.92,90.54,Net Banking,Cancelled,,8
OID7,CUST154,VIP,2024-10-30,Hyderabad,India,4962.68,415.34,Net Banking,Pending,2024-11-04,2
OID8,CUST256,Regular,2025-01-12,Bangalore,India,3996.23,634.74,UPI,Pending,2025-01-22,7
OID9,CUST147,Regular,2025-01-22,Bangalore,India,2043.96,92.99,UPI,Cancelled,,5
OID10,CUST233,Guest,2024-07-01,Ahmedabad,India,1736.14,153.29,Net Banking,Delivered,2024-07-15,4
OID11,CUST195,Regular,2024-08-09,Surat,India,2440.6,76.66,UPI,Pending,2024-08-14,5
OID12,CUST109,Guest,2024-07-03,Hyderabad,India,1436.71,263.8,Credit Card,Delivered,2024-07-11,2
OID13,CUST169,Regular,2024-05-17,Ahmedabad,India,4379.51,559.11,UPI,Shipped,2024-05-24,3
OID14,CUST135,VIP,2024-12-15,Delhi,India,261.37,36.88,Credit Card,Shipped,2024-12-21,5
OID15,CUST184,Guest,2024-08-26,Kolkata,India,2916.56,445.47,Credit Card,Shipped,2024-09-04,1
OID16,CUST177,VIP,2024-11-06,Bangalore,India,3636.12,680.04,Net Banking,Delivered,2024-11-16,5
OID17,CUST261,Guest,2025-01-27,Jaipur,India,1408.03,174.93,Net Banking,Pending,2025-02-01,6
OID18,CUST112,Regular,2024-10-16,Bangalore,India,3411.65,490.69,PayPal,Delivered,2024-10-30,6
OID19,CUST216,Regular,2024-07-27,Jaipur,India,2008.49,133.42,PayPal,Shipped,2024-08-01,4
OID20,CUST135,Guest,2025-01-15,Delhi,India,4694.76,11.01,Net Banking,Shipped,2025-01-19,9
OID21,CUST126,Regular,2024-06-20,Delhi,India,2673.32,85.07,Net Banking,Cancelled,,6
OID22,CUST258,Regular,2024-10-01,Chennai,India,3280.06,526.52,PayPal,Cancelled,,9
OID23,CUST254,Regular,2024-06-24,Pune,India,1741.69,329.08,PayPal,Cancelled,,8
OID24,CUST263,Guest,2024-05-22,Chennai,India,2210.53,147.71,UPI,Cancelled,,3
OID25,CUST169,Guest,2025-01-09,Ahmedabad,India,3306.28,245.95,Net Banking,Cancelled,,9
OID26,CUST193,VIP,2024-09-03,Surat,India,4727.46,863.35,Debit Card,Delivered,2024-09-11,1
OID27,CUST115,Guest,2024-06-12,Pune,India,3125.05,45.47,UPI,Pending,2024-06-14,6
OID28,CUST124,Guest,2024-11-25,Kolkata,India,4270.05,624.68,Debit Card,Delivered,2024-12-08,3
OID29,CUST276,Regular,2024-12-14,Bangalore,India,1866.35,306.39,Credit Card,Cancelled,,1
OID30,CUST171,Guest,2024-08-25,Surat,India,1991.42,376.73,UPI,Delivered,2024-09-05,7
OID31,CUST118,VIP,2024-08-11,Chennai,India,508.68,1.62,Credit Card,Delivered,2024-08-17,9
OID32,CUST299,VIP,2024-11-19,Mumbai,India,1651.22,228.91,Net Banking,Cancelled,,6
OID33,CUST218,Guest,2024-03-21,Pune,India,2373.78,448.33,PayPal,Cancelled,,10
OID34,CUST194,VIP,2025-03-20,Kolkata,India,3479.95,115.87,Net Banking,Cancelled,,3
OID35,CUST263,VIP,2024-04-07,Chennai,India,1952.84,36.16,Credit Card,Cancelled,,7
OID36,CUST113,Guest,2024-04-18,Surat,India,2701.46,504.88,UPI,Cancelled,,7
OID37,CUST166,Guest,2024-09-23,Kolkata,India,2681.61,203.38,Net Banking,Shipped,2024-10-06,10
OID38,CUST146,Guest,2024-07-09,Ahmedabad,India,3240.17,13.25,Debit Card,Shipped,2024-07-11,9
OID39,CUST272,Guest,2024-06-17,Jaipur,India,4629.52,624.67,Credit Card,Pending,2024-06-19,9
OID40,CUST216,Regular,2025-03-09,Jaipur,India,3143.39,518.05,Net Banking,Pending,2025-03-20,1
OID41,CUST247,Guest,2024-10-24,Ahmedabad,India,4866.21,399.22,Credit Card,Cancelled,,6
OID42,CUST207,Guest,2024-11-25,Hyderabad,India,2085.87,195.93,Debit Card,Pending,2024-12-06,8
OID43,CUST116,VIP,2024-03-27,Ahmedabad,India,527.84,9.57,UPI,Delivered,2024-04-07,8
OID44,CUST231,Guest,2025-03-13,Delhi,India,4402.58,444.36,Debit Card,Shipped,2025-03-16,6
OID45,CUST297,VIP,2024-08-30,Surat,India,1062.68,77.56,PayPal,Cancelled,,6
OID46,CUST259,Guest,2024-08-29,Bangalore,India,3232.74,320.84,Debit Card,Delivered,2024-09-06,6
OID47,CUST144,Guest,2025-02-05,Kolkata,India,2476.97,181.49,Net Banking,Cancelled,,10
OID48,CUST235,Guest,2024-11-12,Mumbai,India,2989.34,361.13,Net Banking,Shipped,2024-11-19,3
OID49,CUST217,VIP,2025-01-04,Delhi,India,881.14,142.53,Net Banking,Delivered,2025-01-12,6
OID50,CUST258,Regular,2025-01-22,Chennai,India,494.61,66.92,Net Banking,Cancelled,,7
OID51,CUST153,Guest,2024-07-22,Chennai,India,1540.68,100.61,Credit Card,Pending,2024-07-31,2
OID52,CUST131,Guest,2024-08-22,Pune,India,1732.55,165.48,Credit Card,Cancelled,,3
OID53,CUST126,Guest,2024-10-09,Delhi,India,765.45,104.13,UPI,Pending,2024-10-12,9
OID54,CUST128,VIP,2024-09-03,Pune,India,2366.89,150.85,PayPal,Shipped,2024-09-13,1
OID55,CUST286,Guest,2024-06-03,Delhi,India,1329.8,165.62,Net Banking,Delivered,2024-06-07,7
OID56,CUST119,Regular,2024-11-10,Jaipur,India,944.02,48.69,Debit Card,Shipped,2024-11-16,7
OID57,CUST253,Regular,2024-07-04,Surat,India,2743.16,148.82,PayPal,Pending,2024-07-08,2
OID58,CUST132,Regular,2025-02-19,Surat,India,3675.7,69.59,UPI,Pending,2025-02-21,1
OID59,CUST255,VIP,2024-06-20,Chennai,India,1020.54,93.28,Net Banking,Cancelled,,4
OID60,CUST268,Regular,2024-03-20,Mumbai,India,3358.81,205.51,PayPal,Shipped,2024-04-01,10
OID61,CUST124,Guest,2024-05-29,Kolkata,India,3450.79,403.93,PayPal,Pending,2024-06-11,6
OID62,CUST264,Regular,2025-02-03,Hyderabad,India,2933.22,95.72,Credit Card,Shipped,2025-02-13,5
OID63,CUST238,VIP,2024-11-03,Mumbai,India,586.64,106.6,UPI,Shipped,2024-11-08,3
OID64,CUST223,Guest,2024-08-09,Kolkata,India,1433.71,115.99,Net Banking,Delivered,2024-08-14,6
OID65,CUST126,VIP,2024-11-02,Delhi,India,1299.96,247.79,Debit Card,Pending,2024-11-14,6
OID66,CUST124,Regular,2024-05-05,Kolkata,India,2061.19,313.72,UPI,Cancelled,,2
OID67,CUST159,Regular,2024-08-19,Chennai,India,2236.35,53.74,UPI,Cancelled,,1
OID68,CUST102,VIP,2024-05-24,Ahmedabad,India,1328.12,252.88,UPI,Delivered,2024-06-01,3
OID69,CUST277,Guest,2024-08-26,Delhi,India,589.0,20.27,UPI,Shipped,2024-09-01,6
OID70,CUST215,Regular,2025-01-23,Jaipur,India,81.53,14.16,PayPal,Cancelled,,10
OID71,CUST219,Guest,2024-04-01,Delhi,India,1988.01,379.93,PayPal,Delivered,2024-04-12,7
OID72,CUST184,VIP,2024-04-26,Kolkata,India,756.75,86.35,Credit Card,Delivered,2024-05-06,8
OID73,CUST145,Guest,2024-08-26,Mumbai,India,1647.36,323.85,Net Banking,Cancelled,,10
OID74,CUST271,Guest,2025-03-09,Mumbai,India,303.1,50.06,Debit Card,Shipped,2025-03-16,9
OID75,CUST101,Guest,2024-07-19,Kolkata,India,4861.28,925.43,Debit Card,Shipped,2024-07-30,7
OID76,CUST202,VIP,2024-05-25,Hyderabad,India,1106.01,38.06,Net Banking,Shipped,2024-06-01,7
OID77,CUST220,Guest,2025-03-18,Delhi,India,3830.02,65.96,Net Banking,Pending,2025-04-01,8
OID78,CUST282,VIP,2025-01-20,Ahmedabad,India,4607.67,352.44,Debit Card,Shipped,2025-01-31,3
OID79,CUST185,Regular,2024-08-07,Pune,India,2168.89,48.06,Debit Card,Delivered,2024-08-12,5
OID80,CUST224,Regular,2024-12-09,Chennai,India,2582.57,459.11,PayPal,Pending,2024-12-15,10
OID81,CUST182,VIP,2025-03-16,Mumbai,India,2882.01,482.9,Debit Card,Shipped,2025-03-29,3
OID82,CUST148,Guest,2025-01-08,Pune,India,137.76,23.2,PayPal,Delivered,2025-01-18,8
OID83,CUST231,Guest,2024-11-19,Delhi,India,4200.11,34.18,Credit Card,Cancelled,,6
OID84,CUST101,Guest,2024-07-17,Kolkata,India,2424.5,231.54,PayPal,Delivered,2024-07-27,1
OID85,CUST281,Regular,2025-01-26,Kolkata,India,541.0,31.73,Debit Card,Shipped,2025-02-03,9
OID86,CUST166,VIP,2025-01-05,Kolkata,India,1524.13,226.02,Credit Card,Delivered,2025-01-19,2
OID87,CUST130,Regular,2024-12-29,Surat,India,1526.41,171.11,Debit Card,Cancelled,,4
OID88,CUST154,VIP,2024-06-12,Hyderabad,India,2810.39,79.43,Credit Card,Pending,2024-06-22,9
OID89,CUST220,VIP,2024-05-23,Delhi,India,333.47,52.41,Credit Card,Shipped,2024-05-31,1
OID90,CUST163,Regular,2024-08-12,Ahmedabad,India,2391.81,230.94,Credit Card,Pending,2024-08-21,3
OID91,CUST231,Guest,2024-10-02,Delhi,India,1229.88,196.91,UPI,Delivered,2024-10-16,8
OID92,CUST182,VIP,2025-02-07,Mumbai,India,121.61,6.85,Net Banking,Pending,2025-02-17,9
OID93,CUST193,Regular,2024-08-27,Surat,India,2440.86,216.73,Debit Card,Cancelled,,10
OID94,CUST300,VIP,2024-06-20,Kolkata,India,2893.37,387.97,Credit Card,Cancelled,,4
OID95,CUST242,Guest,2024-04-21,Pune,India,625.01,36.5,Credit Card,Pending,2024-04-25,3
OID96,CUST221,Guest,2024-05-21,Delhi,India,1178.64,144.16,Debit Card,Pending,2024-05-30,8
OID97,CUST111,Regular,2025-01-06,Mumbai,India,3433.82,146.55,UPI,Cancelled,,4
OID98,CUST254,VIP,2024-11-29,Pune,India,3274.27,520.11,Credit Card,Cancelled,,3
OID99,CUST113,Regular,2024-04-12,Surat,India,812.12,135.32,UPI,Pending,2024-04-26,8
OID100,CUST277,Guest,2024-12-29,Delhi,India,4343.31,211.62,Credit Card,Cancelled,,6
OID101,CUST155,Regular,2024-07-10,Mumbai,India,1058.21,111.29,Credit Card,Shipped,2024-07-17,8
OID102,CUST148,Regular,2024-10-01,Pune,India,3975.83,570.09,Credit Card,Delivered,2024-10-04,7
OID103,CUST261,Guest,2025-02-04,Jaipur,India,1998.91,0.9,UPI,Cancelled,,1
OID104,CUST173,Regular,2024-10-28,Surat,India,2117.7,422.23,PayPal,Shipped,2024-11-08,10
OID105,CUST205,VIP,2024-03-25,Jaipur,India,680.95,131.9,Net Banking,Cancelled,,8
OID106,CUST214,Regular,2024-06-21,Kolkata,India,544.3,64.51,UPI,Pending,2024-06-29,10
OID107,CUST210,VIP,2024-07-13,Ahmedabad,India,1466.39,234.45,PayPal,Cancelled,,7
OID108,CUST265,VIP,2025-02-18,Pune,India,1018.44,81.67,Credit Card,Shipped,2025-02-24,7
OID109,CUST191,Guest,2024-03-28,Kolkata,India,66.1,2.72,UPI,Shipped,2024-04-03,7
OID110,CUST189,Regular,2024-05-29,Delhi,India,4183.27,164.31,Debit Card,Shipped,2024-06-09,5
OID111,CUST255,Regular,2025-02-03,Chennai,India,149.5,0.93,Net Banking,Shipped,2025-02-12,6
OID112,CUST183,Guest,2024-05-02,Mumbai,India,1893.62,175.36,UPI,Pending,2024-05-14,9
OID113,CUST251,VIP,2024-11-09,Jaipur,India,3154.08,599.18,Net Banking,Shipped,2024-11-23,2
OID114,CUST123,Regular,2024-09-21,Delhi,India,471.05,63.62,Debit Card,Cancelled,,8
OID115,CUST251,Guest,2024-06-14,Jaipur,India,1275.48,161.02,Net Banking,Delivered,2024-06-26,10
OID116,CUST166,VIP,2024-04-22,Kolkata,India,3867.35,127.78,Debit Card,Cancelled,,7
OID117,CUST171,Guest,2024-09-14,Surat,India,593.24,0.06,PayPal,Cancelled,,7
OID118,CUST169,VIP,2024-04-11,Ahmedabad,India,3744.54,72.31,Net Banking,Delivered,2024-04-18,8
OID119,CUST222,Guest,2024-12-12,Kolkata,India,803.07,134.54,PayPal,Pending,2024-12-20,6
OID120,CUST231,VIP,2024-05-17,Delhi,India,659.24,106.15,Debit Card,Cancelled,,5
OID121,CUST216,Guest,2024-05-02,Jaipur,India,3907.29,618.44,Debit Card,Delivered,2024-05-07,8
OID122,CUST155,Guest,2025-01-26,Mumbai,India,495.4,56.5,PayPal,Cancelled,,8
OID123,CUST257,VIP,2024-06-03,Ahmedabad,India,1477.6,291.35,PayPal,Cancelled,,2
OID124,CUST182,Guest,2024-11-14,Mumbai,India,1613.85,113.09,PayPal,Delivered,2024-11-27,9
OID125,CUST265,VIP,2024-07-14,Pune,India,1449.31,52.26,Net Banking,Shipped,2024-07-24,3
OID126,CUST200,Guest,2024-07-12,Kolkata,India,4604.65,589.3,UPI,Cancelled,,1
OID127,CUST270,Regular,2025-02-14,Pune,India,2056.72,362.97,UPI,Delivered,2025-02-28,4
OID128,CUST128,Guest,2024-09-19,Pune,India,2149.91,43.65,UPI,Delivered,2024-09-28,6
OID129,CUST127,Guest,2024-05-29,Hyderabad,India,4861.16,115.43,Credit Card,Delivered,2024-06-01,1
OID130,CUST283,Guest,2025-01-20,Ahmedabad,India,627.43,108.63,Debit Card,Shipped,2025-02-01,8
OID131,CUST177,VIP,2024-06-17,Bangalore,India,879.52,77.96,Credit Card,Shipped,2024-06-21,7
OID132,CUST184,Regular,2024-08-02,Kolkata,India,4233.11,58.52,Credit Card,Cancelled,,7
OID133,CUST134,VIP,2025-01-24,Chennai,India,4331.27,617.18,Net Banking,Shipped,2025-02-07,9
OID134,CUST208,Guest,2024-05-04,Bangalore,India,355.03,58.85,Debit Card,Cancelled,,10
OID135,CUST200,Guest,2025-01-24,Kolkata,India,4180.55,720.16,UPI,Pending,2025-01-31,4
OID136,CUST238,Guest,2024-12-26,Mumbai,India,1476.16,34.41,Credit Card,Pending,2025-01-09,6
OID137,CUST125,VIP,2024-07-24,Hyderabad,India,295.83,26.58,Net Banking,Pending,2024-08-01,6
OID138,CUST153,VIP,2025-02-13,Chennai,India,912.24,68.2,Debit Card,Pending,2025-02-21,1
OID139,CUST270,VIP,2024-04-08,Pune,India,1837.14,48.23,Debit Card,Cancelled,,5
OID140,CUST126,Regular,2024-03-27,Delhi,India,4047.84,675.44,UPI,Delivered,2024-04-07,10
OID141,CUST102,Guest,2024-11-16,Ahmedabad,India,2674.09,180.85,Net Banking,Delivered,2024-11-22,10
OID142,CUST238,Regular,2024-10-01,Mumbai,India,863.34,158.94,UPI,Cancelled,,10
OID143,CUST111,Regular,2024-12-18,Mumbai,India,4449.26,698.64,UPI,Shipped,2024-12-26,3
OID144,CUST131,Guest,2024-12-15,Pune,India,2168.84,38.45,Net Banking,Pending,2024-12-28,1
OID145,CUST119,Guest,2024-09-16,Jaipur,India,2010.17,285.96,PayPal,Pending,2024-09-19,5
OID146,CUST227,Guest,2024-07-16,Kolkata,India,2631.67,87.64,UPI,Delivered,2024-07-22,10
OID147,CUST131,Regular,2024-05-12,Pune,India,3582.81,597.2,UPI,Pending,2024-05-23,2
OID148,CUST210,VIP,2024-05-05,Ahmedabad,India,146.27,14.35,PayPal,Pending,2024-05-10,1
OID149,CUST155,VIP,2024-07-29,Mumbai,India,2965.26,254.79,Debit Card,Shipped,2024-08-01,10
OID150,CUST203,VIP,2024-04-15,Delhi,India,364.25,67.48,UPI,Shipped,2024-04-27,9
OID151,CUST298,VIP,2024-08-29,Kolkata,India,3067.23,81.56,PayPal,Cancelled,,8
OID152,CUST181,VIP,2024-04-15,Bangalore,India,3527.16,120.82,UPI,Pending,2024-04-21,3
OID153,CUST183,Regular,2024-06-09,Mumbai,India,4339.87,573.72,Net Banking,Pending,2024-06-12,9
OID154,CUST236,VIP,2024-06-06,Kolkata,India,366.51,41.21,PayPal,Pending,2024-06-13,7
OID155,CUST230,Regular,2024-10-20,Pune,India,3786.05,445.63,Credit Card,Cancelled,,3
OID156,CUST124,Guest,2024-11-08,Kolkata,India,2517.85,206.64,Debit Card,Cancelled,,5
OID157,CUST273,Guest,2024-10-05,Hyderabad,India,4634.63,796.43,Credit Card,Shipped,2024-10-10,8
OID158,CUST189,Guest,2024-04-16,Delhi,India,4572.27,275.75,Net Banking,Delivered,2024-04-25,8
OID159,CUST210,Guest,2024-11-14,Ahmedabad,India,1609.37,144.03,PayPal,Delivered,2024-11-20,9
OID160,CUST234,Regular,2024-03-22,Ahmedabad,India,4588.09,183.96,Net Banking,Shipped,2024-03-31,6
OID161,CUST212,Guest,2024-10-12,Kolkata,India,4147.06,271.89,UPI,Cancelled,,6
OID162,CUST255,VIP,2024-06-10,Chennai,India,3220.02,390.27,Net Banking,Shipped,2024-06-23,3
OID163,CUST284,VIP,2024-11-08,Jaipur,India,2752.13,534.19,Credit Card,Shipped,2024-11-19,4
OID164,CUST157,Regular,2024-05-07,Pune,India,2527.15,496.29,PayPal,Pending,2024-05-19,8
OID165,CUST168,Regular,2024-05-05,Surat,India,2565.06,496.66,Net Banking,Pending,2024-05-11,2
OID166,CUST270,VIP,2024-12-29,Pune,India,2142.85,425.34,Debit Card,Delivered,2024-12-31,2
OID167,CUST120,Guest,2024-07-22,Chennai,India,742.49,68.79,UPI,Pending,2024-07-31,5
OID168,CUST237,VIP,2024-09-11,Delhi,India,3594.71,627.75,Credit Card,Delivered,2024-09-22,8
OID169,CUST164,VIP,2025-02-19,Pune,India,2974.38,144.76,Debit Card,Delivered,2025-03-04,9
OID170,CUST229,Regular,2024-07-23,Kolkata,India,1407.46,109.15,Debit Card,Delivered,2024-07-27,4
OID171,CUST117,Guest,2024-11-02,Ahmedabad,India,4035.05,597.24,PayPal,Pending,2024-11-13,7
OID172,CUST289,VIP,2024-08-05,Pune,India,2487.07,166.82,Net Banking,Cancelled,,3
OID173,CUST130,Regular,2024-08-05,Surat,India,4361.14,358.43,UPI,Shipped,2024-08-09,9
OID174,CUST183,VIP,2024-04-11,Mumbai,India,1207.73,145.47,Debit Card,Shipped,2024-04-22,6
OID175,CUST182,Regular,2024-04-24,Mumbai,India,1491.54,230.64,Net Banking,Pending,2024-04-30,1
OID176,CUST197,Guest,2024-07-29,Mumbai,India,3082.95,323.47,Credit Card,Delivered,2024-08-11,6
OID177,CUST101,VIP,2024-07-15,Kolkata,India,1542.63,3.11,Credit Card,Pending,2024-07-20,2
OID178,CUST136,Regular,2024-09-04,Pune,India,4639.89,670.67,UPI,Cancelled,,8
OID179,CUST116,VIP,2025-02-11,Ahmedabad,India,1638.18,253.96,UPI,Cancelled,,1
OID180,CUST137,Guest,2024-10-10,Ahmedabad,India,469.22,35.68,Debit Card,Pending,2024-10-15,4
OID181,CUST228,Regular,2025-02-17,Ahmedabad,India,541.31,55.97,Debit Card,Shipped,2025-02-28,4
OID182,CUST146,Guest,2024-04-14,Ahmedabad,India,750.83,55.0,UPI,Delivered,2024-04-20,2
OID183,CUST165,VIP,2024-09-19,Jaipur,India,1666.5,133.6,UPI,Cancelled,,9
OID184,CUST129,Guest,2024-04-29,Chennai,India,647.24,115.72,UPI,Delivered,2024-05-08,3
OID185,CUST252,VIP,2025-01-09,Ahmedabad,India,3490.87,388.65,Debit Card,Cancelled,,3
OID186,CUST211,Guest,2024-10-24,Chennai,India,1620.55,176.86,PayPal,Shipped,2024-11-06,8
OID187,CUST244,Guest,2024-04-24,Chennai,India,2930.98,34.82,Credit Card,Delivered,2024-04-26,3
OID188,CUST217,VIP,2024-04-10,Delhi,India,3307.84,611.18,Credit Card,Pending,2024-04-13,8
OID189,CUST165,Regular,2024-08-25,Jaipur,India,4730.21,746.9,Credit Card,Shipped,2024-09-08,5
OID190,CUST189,Regular,2024-05-01,Delhi,India,4894.71,333.87,UPI,Shipped,2024-05-14,8
OID191,CUST177,Guest,2024-10-31,Bangalore,India,1180.05,23.18,UPI,Pending,2024-11-03,10
OID192,CUST104,VIP,2024-10-14,Chennai,India,1226.57,103.99,Net Banking,Delivered,2024-10-27,7
OID193,CUST208,Regular,2024-12-14,Bangalore,India,3015.62,266.61,Debit Card,Shipped,2024-12-17,9
OID194,CUST211,Regular,2024-04-18,Chennai,India,3130.9,42.6,Net Banking,Cancelled,,6
OID195,CUST109,Guest,2024-11-21,Hyderabad,India,2541.86,200.8,Credit Card,Shipped,2024-12-04,5
OID196,CUST115,Guest,2025-03-03,Pune,India,1043.84,114.86,Debit Card,Pending,2025-03-10,10
OID197,CUST104,VIP,2024-10-02,Chennai,India,4139.9,11.51,Credit Card,Pending,2024-10-05,3
OID198,CUST102,VIP,2024-05-26,Ahmedabad,India,1290.21,210.27,Net Banking,Pending,2024-05-30,10
OID199,CUST270,VIP,2024-11-19,Pune,India,4020.18,273.0,Net Banking,Pending,2024-11-28,3
OID200,CUST173,Guest,2025-02-01,Surat,India,3163.02,379.24,Debit Card,Shipped,2025-02-08,7
OID201,CUST284,Guest,2024-08-30,Jaipur,India,1148.28,177.47,Net Banking,Pending,2024-09-13,3
OID202,CUST240,Guest,2025-03-14,Mumbai,India,1449.34,183.47,Debit Card,Pending,2025-03-16,1
OID203,CUST214,Regular,2024-06-18,Kolkata,India,1768.44,49.62,Debit Card,Pending,2024-06-24,2
OID204,CUST113,VIP,2024-11-29,Surat,India,1862.2,44.84,PayPal,Pending,2024-12-01,10
OID205,CUST227,VIP,2025-03-17,Kolkata,India,2219.87,267.1,Net Banking,Delivered,2025-03-28,6
OID206,CUST296,Guest,2024-08-21,Jaipur,India,2413.32,142.96,Debit Card,Delivered,2024-08-25,1
OID207,CUST172,Regular,2025-02-11,Kolkata,India,2403.92,343.39,Net Banking,Pending,2025-02-24,7
OID208,CUST144,VIP,2024-06-01,Kolkata,India,1863.25,178.9,Net Banking,Shipped,2024-06-10,6
OID209,CUST135,Regular,2025-01-20,Delhi,India,3119.67,320.69,Debit Card,Shipped,2025-01-24,10
OID210,CUST171,Guest,2024-06-23,Surat,India,478.74,60.98,Net Banking,Shipped,2024-07-06,5
OID211,CUST193,Regular,2024-09-17,Surat,India,1055.14,155.3,Net Banking,Pending,2024-09-28,1
OID212,CUST253,Guest,2025-03-06,Surat,India,2308.97,448.92,PayPal,Cancelled,,10
OID213,CUST226,Regular,2024-06-29,Chennai,India,3561.18,241.82,UPI,Cancelled,,10
OID214,CUST147,Regular,2024-05-02,Bangalore,India,669.29,76.22,Credit Card,Pending,2024-05-10,5
OID215,CUST171,Guest,2024-03-31,Surat,India,255.8,34.11,Debit Card,Pending,2024-04-09,5
OID216,CUST291,VIP,2024-05-22,Mumbai,India,3729.79,370.44,PayPal,Pending,2024-05-28,2
OID217,CUST102,Guest,2024-06-05,Ahmedabad,India,3203.65,596.07,Net Banking,Cancelled,,8
OID218,CUST288,VIP,2024-10-26,Kolkata,India,1669.61,19.09,Debit Card,Pending,2024-11-03,3
OID219,CUST167,Guest,2024-07-15,Mumbai,India,782.19,112.75,PayPal,Pending,2024-07-18,9
OID220,CUST190,Regular,2024-04-20,Chennai,India,1216.24,102.55,Debit Card,Cancelled,,4
OID221,CUST198,Guest,2025-03-04,Delhi,India,99.85,2.98,PayPal,Cancelled,,9
OID222,CUST265,Regular,2025-02-28,Pune,India,916.1,45.49,Credit Card,Shipped,2025-03-04,10
OID223,CUST128,Guest,2024-08-24,Pune,India,1576.87,307.71,Credit Card,Pending,2024-09-03,7
OID224,CUST141,Regular,2024-10-24,Surat,India,4594.08,777.45,Net Banking,Pending,2024-11-04,1
OID225,CUST138,Guest,2024-12-27,Mumbai,India,2658.19,145.29,Net Banking,Pending,2025-01-05,4
OID226,CUST221,Guest,2024-12-23,Delhi,India,283.79,38.85,Debit Card,Cancelled,,7
OID227,CUST191,VIP,2024-08-22,Kolkata,India,626.55,11.02,Credit Card,Shipped,2024-08-30,8
OID228,CUST141,Guest,2024-06-28,Surat,India,2825.41,372.91,UPI,Pending,2024-07-08,7
OID229,CUST123,Guest,2025-03-16,Delhi,India,4074.99,558.69,UPI,Delivered,2025-03-18,2
OID230,CUST104,Regular,2024-06-23,Chennai,India,2475.83,257.54,Debit Card,Shipped,2024-07-05,8
OID231,CUST275,VIP,2025-01-13,Hyderabad,India,2724.12,212.8,Debit Card,Shipped,2025-01-18,3
OID232,CUST146,Regular,2024-04-09,Ahmedabad,India,228.11,35.38,Net Banking,Pending,2024-04-18,7
OID233,CUST241,Regular,2024-09-20,Chennai,India,2314.11,57.57,PayPal,Cancelled,,1
OID234,CUST111,VIP,2024-07-07,Mumbai,India,2871.34,17.35,Credit Card,Pending,2024-07-19,5
OID235,CUST183,VIP,2024-08-29,Mumbai,India,2132.31,199.01,UPI,Delivered,2024-09-06,9
OID236,CUST275,VIP,2024-10-31,Hyderabad,India,10.65,1.76,PayPal,Pending,2024-11-11,4
OID237,CUST122,Guest,2024-12-29,Hyderabad,India,3367.5,263.61,PayPal,Cancelled,,5
OID238,CUST286,Regular,2024-05-20,Delhi,India,3031.15,522.03,Net Banking,Cancelled,,8
OID239,CUST262,Regular,2024-12-29,Pune,India,4548.01,101.33,PayPal,Cancelled,,5
OID240,CUST295,Regular,2024-09-16,Kolkata,India,1897.78,66.41,Debit Card,Pending,2024-09-30,9
OID241,CUST264,Guest,2024-10-27,Hyderabad,India,1164.58,67.7,Credit Card,Delivered,2024-11-10,7
OID242,CUST203,Guest,2024-03-27,Delhi,India,3001.41,479.2,Debit Card,Pending,2024-04-03,6
OID243,CUST281,Regular,2024-08-27,Kolkata,India,4747.79,344.95,Debit Card,Delivered,2024-09-03,1
OID244,CUST204,Guest,2024-12-27,Hyderabad,India,2004.09,400.58,Credit Card,Pending,2025-01-06,8
OID245,CUST224,Regular,2024-10-16,Chennai,India,3814.87,685.32,Debit Card,Shipped,2024-10-30,1
OID246,CUST153,VIP,2024-06-01,Chennai,India,4192.74,112.18,Credit Card,Shipped,2024-06-08,7
OID247,CUST273,Regular,2024-04-06,Hyderabad,India,4592.61,156.04,Credit Card,Cancelled,,5
OID248,CUST184,Guest,2024-11-12,Kolkata,India,4250.02,66.0,Debit Card,Shipped,2024-11-24,10
OID249,CUST277,Guest,2024-11-21,Delhi,India,4873.7,395.83,Net Banking,Delivered,2024-11-24,8
OID250,CUST121,Regular,2024-04-17,Delhi,India,4719.55,436.42,Net Banking,Cancelled,,6
OID251,CUST185,Guest,2025-02-22,Pune,India,4637.96,683.31,Credit Card,Shipped,2025-03-06,7
OID252,CUST187,Guest,2024-07-14,Delhi,India,693.14,99.49,PayPal,Shipped,2024-07-26,6
OID253,CUST245,VIP,2024-11-19,Delhi,India,1293.48,6.69,Net Banking,Pending,2024-12-02,9
OID254,CUST109,Guest,2024-10-15,Hyderabad,India,2335.72,215.3,Net Banking,Delivered,2024-10-27,5
OID255,CUST285,Regular,2024-07-12,Pune,India,165.07,0.55,Net Banking,Shipped,2024-07-22,4
OID256,CUST127,VIP,2024-11-10,Hyderabad,India,203.1,34.71,Net Banking,Delivered,2024-11-24,9
OID257,CUST139,Regular,2025-01-31,Mumbai,India,694.64,65.99,PayPal,Cancelled,,1
OID258,CUST137,VIP,2024-06-30,Ahmedabad,India,4375.47,248.78,Debit Card,Delivered,2024-07-06,2
OID259,CUST214,VIP,2025-03-17,Kolkata,India,2310.48,264.3,Debit Card,Cancelled,,8
OID260,CUST184,VIP,2024-12-17,Kolkata,India,1802.12,249.58,UPI,Shipped,2024-12-26,8
OID261,CUST110,VIP,2025-02-25,Delhi,India,3505.71,339.19,PayPal,Pending,2025-03-06,7
OID262,CUST231,VIP,2024-08-29,Delhi,India,472.92,26.86,UPI,Shipped,2024-09-06,2
OID263,CUST122,Guest,2024-08-01,Hyderabad,India,972.17,26.34,Net Banking,Shipped,2024-08-06,9
OID264,CUST230,Guest,2024-11-26,Pune,India,1981.08,354.78,Debit Card,Pending,2024-12-10,1
OID265,CUST289,Guest,2025-02-08,Pune,India,3420.86,272.44,Credit Card,Delivered,2025-02-15,1
OID266,CUST280,Guest,2024-06-20,Ahmedabad,India,1972.4,118.5,Credit Card,Shipped,2024-07-04,4
OID267,CUST136,Guest,2025-02-20,Pune,India,4974.46,296.81,Net Banking,Pending,2025-02-24,6
OID268,CUST107,VIP,2024-09-20,Delhi,India,4243.85,677.26,PayPal,Pending,2024-09-26,6
OID269,CUST250,Regular,2024-10-01,Ahmedabad,India,2251.63,369.98,Net Banking,Cancelled,,8
OID270,CUST236,VIP,2024-05-10,Kolkata,India,3108.13,404.13,PayPal,Shipped,2024-05-18,6
OID271,CUST168,Guest,2024-11-23,Surat,India,4389.51,189.33,PayPal,Cancelled,,5
OID272,CUST106,Regular,2024-06-25,Delhi,India,2066.27,147.89,UPI,Shipped,2024-06-29,3
OID273,CUST111,Guest,2024-08-13,Mumbai,India,1280.25,172.98,Debit Card,Delivered,2024-08-22,3
OID274,CUST186,Regular,2024-09-03,Ahmedabad,India,1020.22,70.6,UPI,Pending,2024-09-07,1
OID275,CUST145,VIP,2024-05-06,Mumbai,India,3822.56,311.62,Debit Card,Pending,2024-05-19,3
OID276,CUST279,Regular,2024-07-22,Delhi,India,4965.27,219.91,PayPal,Cancelled,,10
OID277,CUST155,Regular,2024-07-19,Mumbai,India,615.16,20.46,PayPal,Delivered,2024-07-22,4
OID278,CUST231,Regular,2024-04-27,Delhi,India,1020.02,40.67,PayPal,Cancelled,,3
OID279,CUST104,Regular,2025-03-04,Chennai,India,4474.17,868.65,PayPal,Shipped,2025-03-16,10
OID280,CUST113,Regular,2024-06-12,Surat,India,3173.35,193.88,Net Banking,Pending,2024-06-16,2
OID281,CUST263,VIP,2024-10-29,Chennai,India,2441.67,471.22,Net Banking,Shipped,2024-10-31,4
OID282,CUST194,Regular,2025-01-26,Kolkata,India,4559.41,600.65,Debit Card,Delivered,2025-02-07,5
OID283,CUST252,Guest,2024-12-23,Ahmedabad,India,2691.78,313.45,Debit Card,Pending,2024-12-29,5
OID284,CUST196,VIP,2024-06-30,Pune,India,3868.4,281.16,PayPal,Delivered,2024-07-03,9
OID285,CUST168,Regular,2024-10-30,Surat,India,633.6,114.41,Credit Card,Shipped,2024-11-09,3
OID286,CUST226,Regular,2024-10-09,Chennai,India,3119.31,494.33,Credit Card,Pending,2024-10-18,8
OID287,CUST257,Regular,2024-09-07,Ahmedabad,India,971.81,160.69,PayPal,Pending,2024-09-16,8
OID288,CUST162,VIP,2024-10-21,Hyderabad,India,1433.8,37.15,Debit Card,Shipped,2024-10-25,6
OID289,CUST199,Regular,2024-04-24,Hyderabad,India,4440.67,840.12,UPI,Delivered,2024-04-29,10
OID290,CUST138,VIP,2024-12-31,Mumbai,India,349.54,62.53,Credit Card,Shipped,2025-01-12,8
OID291,CUST213,VIP,2024-04-15,Bangalore,India,2546.27,236.82,Debit Card,Shipped,2024-04-21,1
OID292,CUST206,Regular,2024-12-25,Surat,India,1090.78,166.86,PayPal,Delivered,2024-12-30,8
OID293,CUST112,Guest,2025-03-13,Bangalore,India,3391.32,443.77,UPI,Shipped,2025-03-27,10
OID294,CUST104,Guest,2024-05-09,Chennai,India,1533.37,40.76,UPI,Shipped,2024-05-16,6
OID295,CUST280,VIP,2025-01-24,Ahmedabad,India,3247.68,584.36,Debit Card,Pending,2025-01-28,5
OID296,CUST235,Guest,2024-09-30,Mumbai,India,381.32,50.88,UPI,Pending,2024-10-05,5
OID297,CUST166,VIP,2024-08-16,Kolkata,India,2797.16,340.52,PayPal,Delivered,2024-08-24,1
OID298,CUST121,Regular,2024-09-15,Delhi,India,4851.39,852.39,Debit Card,Pending,2024-09-24,8
OID299,CUST143,Guest,2024-05-27,Delhi,India,870.07,10.96,PayPal,Shipped,2024-06-07,3
OID300,CUST185,Guest,2024-07-24,Pune,India,435.58,12.35,Credit Card,Pending,2024-08-06,8
OID301,CUST297,Regular,2024-04-28,Surat,India,2326.68,450.5,Debit Card,Delivered,2024-05-01,7
OID302,CUST101,Regular,2024-04-30,Kolkata,India,1667.15,257.05,UPI,Delivered,2024-05-11,9
OID303,CUST115,Guest,2024-04-30,Pune,India,1628.55,240.05,UPI,Delivered,2024-05-05,5
OID304,CUST128,Guest,2024-06-03,Pune,India,4901.29,227.74,PayPal,Delivered,2024-06-10,4
OID305,CUST176,VIP,2024-03-27,Pune,India,98.65,9.84,Credit Card,Shipped,2024-03-29,5
OID306,CUST136,Guest,2024-06-16,Pune,India,1674.49,260.17,UPI,Pending,2024-06-19,7
OID307,CUST218,Guest,2024-06-02,Pune,India,4771.34,267.33,PayPal,Delivered,2024-06-05,8
OID308,CUST230,Regular,2024-11-05,Pune,India,3890.72,511.57,Net Banking,Pending,2024-11-18,7
OID309,CUST246,VIP,2024-08-06,Kolkata,India,1003.88,99.82,PayPal,Pending,2024-08-20,7
OID310,CUST223,Regular,2024-05-05,Kolkata,India,3902.55,652.09,PayPal,Delivered,2024-05-17,8
OID311,CUST267,Regular,2024-10-05,Bangalore,India,3697.4,85.75,Net Banking,Delivered,2024-10-16,5
OID312,CUST181,VIP,2024-08-15,Bangalore,India,4572.39,109.31,Credit Card,Delivered,2024-08-25,3
OID313,CUST116,Guest,2025-01-25,Ahmedabad,India,1730.15,192.3,Debit Card,Pending,2025-02-03,8
OID314,CUST272,Regular,2025-02-03,Jaipur,India,4160.52,340.1,Credit Card,Pending,2025-02-16,9
OID315,CUST263,Guest,2024-06-06,Chennai,India,2761.56,56.07,Net Banking,Pending,2024-06-20,3
OID316,CUST244,VIP,2024-12-26,Chennai,India,345.88,6.01,UPI,Delivered,2025-01-05,5
OID317,CUST284,Guest,2024-08-03,Jaipur,India,1898.18,311.07,UPI,Cancelled,,4
OID318,CUST225,Guest,2024-12-19,Kolkata,India,444.51,88.29,UPI,Shipped,2024-12-21,10
OID319,CUST250,VIP,2024-07-13,Ahmedabad,India,4585.58,658.64,Debit Card,Cancelled,,3
OID320,CUST289,Guest,2025-02-12,Pune,India,444.05,50.14,Net Banking,Delivered,2025-02-23,4
OID321,CUST195,Regular,2025-02-04,Surat,India,1100.27,201.71,Debit Card,Pending,2025-02-15,9
OID322,CUST152,Regular,2024-10-20,Jaipur,India,503.73,62.05,Net Banking,Cancelled,,3
OID323,CUST279,VIP,2024-06-23,Delhi,India,1457.28,207.94,Debit Card,Pending,2024-07-05,1
OID324,CUST107,VIP,2024-09-22,Delhi,India,2970.5,471.29,PayPal,Delivered,2024-09-27,10
OID325,CUST278,Guest,2024-07-27,Pune,India,4607.95,429.69,Credit Card,Shipped,2024-07-30,2
OID326,CUST185,Regular,2024-06-18,Pune,India,3106.69,367.44,PayPal,Cancelled,,1
OID327,CUST196,Regular,2024-08-29,Pune,India,1270.39,176.5,Net Banking,Cancelled,,9
OID328,CUST150,VIP,2024-06-10,Chennai,India,569.72,77.67,Debit Card,Delivered,2024-06-20,8
OID329,CUST117,Guest,2024-12-17,Ahmedabad,India,4018.87,377.95,Credit Card,Shipped,2024-12-25,8
OID330,CUST292,Regular,2024-12-20,Pune,India,3844.74,762.99,PayPal,Shipped,2024-12-25,3
OID331,CUST242,Guest,2024-09-23,Pune,India,661.61,65.71,Debit Card,Delivered,2024-10-07,9
OID332,CUST218,Regular,2024-06-29,Pune,India,137.83,7.38,Net Banking,Cancelled,,6
OID333,CUST122,VIP,2025-01-23,Hyderabad,India,3972.1,665.93,PayPal,Cancelled,,7
OID334,CUST255,Guest,2025-02-08,Chennai,India,3299.3,279.0,UPI,Delivered,2025-02-13,10
OID335,CUST210,Guest,2025-03-02,Ahmedabad,India,334.98,4.23,UPI,Pending,2025-03-14,8
OID336,CUST151,Regular,2024-03-27,Chennai,India,2872.31,544.23,UPI,Pending,2024-04-08,2
OID337,CUST171,Guest,2024-10-25,Surat,India,2265.41,99.38,PayPal,Shipped,2024-11-06,7
OID338,CUST258,VIP,2024-07-08,Chennai,India,2807.83,409.6,PayPal,Delivered,2024-07-15,1
OID339,CUST292,Regular,2024-09-12,Pune,India,1884.84,14.49,Debit Card,Shipped,2024-09-15,5
OID340,CUST141,VIP,2024-10-18,Surat,India,4056.72,352.46,Credit Card,Shipped,2024-10-26,9
OID341,CUST190,Regular,2024-12-12,Chennai,India,2221.97,425.25,Debit Card,Delivered,2024-12-25,3
OID342,CUST269,VIP,2025-03-09,Chennai,India,921.68,72.03,Net Banking,Delivered,2025-03-17,7
OID343,CUST143,Guest,2024-06-16,Delhi,India,2638.62,333.44,PayPal,Pending,2024-06-23,4
OID344,CUST229,VIP,2025-01-21,Kolkata,India,2820.04,409.24,PayPal,Delivered,2025-01-24,1
OID345,CUST120,VIP,2025-03-05,Chennai,India,4860.07,754.39,Net Banking,Cancelled,,6
OID346,CUST284,Regular,2024-12-16,Jaipur,India,629.52,80.13,UPI,Delivered,2024-12-29,7
OID347,CUST149,Guest,2024-11-22,Hyderabad,India,4060.08,638.44,UPI,Pending,2024-11-28,2
OID348,CUST232,VIP,2025-01-15,Pune,India,30.78,3.16,Net Banking,Delivered,2025-01-20,8
OID349,CUST246,VIP,2024-03-24,Kolkata,India,2375.89,207.63,UPI,Shipped,2024-04-04,7
OID350,CUST256,Regular,2024-12-21,Bangalore,India,4002.78,548.45,UPI,Cancelled,,8
OID351,CUST125,Guest,2024-06-17,Hyderabad,India,1338.5,210.8,Credit Card,Delivered,2024-06-21,4
OID352,CUST108,Guest,2024-10-23,Kolkata,India,3366.64,99.78,Debit Card,Pending,2024-11-05,4
OID353,CUST276,Regular,2024-05-14,Bangalore,India,2881.88,448.94,Debit Card,Delivered,2024-05-18,10
OID354,CUST165,VIP,2024-12-25,Jaipur,India,1662.88,122.02,UPI,Pending,2024-12-31,3
OID355,CUST161,Regular,2024-10-15,Chennai,India,171.78,22.44,Net Banking,Shipped,2024-10-22,9
OID356,CUST134,VIP,2024-11-23,Chennai,India,3074.0,549.65,Net Banking,Shipped,2024-11-26,1
OID357,CUST181,VIP,2024-05-19,Bangalore,India,4611.82,439.52,Debit Card,Shipped,2024-05-26,1
OID358,CUST292,VIP,2024-08-04,Pune,India,3557.49,426.72,Debit Card,Cancelled,,1
OID359,CUST216,Guest,2025-02-05,Jaipur,India,4565.05,286.87,Net Banking,Cancelled,,10
OID360,CUST298,Guest,2025-01-29,Kolkata,India,3263.36,396.03,Net Banking,Cancelled,,10
OID361,CUST292,Guest,2024-10-23,Pune,India,4953.47,144.94,Credit Card,Delivered,2024-11-02,2
OID362,CUST248,VIP,2024-07-08,Chennai,India,3248.18,5.03,Net Banking,Delivered,2024-07-21,3
OID363,CUST164,Regular,2024-09-22,Pune,India,1479.3,89.96,PayPal,Cancelled,,3
OID364,CUST159,Guest,2024-05-18,Chennai,India,183.79,31.38,UPI,Cancelled,,8
OID365,CUST170,Regular,2024-12-22,Pune,India,970.81,42.51,UPI,Pending,2024-12-27,3
OID366,CUST223,Regular,2024-12-30,Kolkata,India,1008.37,32.11,UPI,Shipped,2025-01-05,5
OID367,CUST252,Regular,2024-07-13,Ahmedabad,India,2877.68,45.77,UPI,Pending,2024-07-20,4
OID368,CUST278,Guest,2024-09-04,Pune,India,1261.1,133.47,Debit Card,Cancelled,,4
OID369,CUST273,Guest,2024-04-23,Hyderabad,India,1448.85,133.26,PayPal,Pending,2024-05-02,4
OID370,CUST261,VIP,2024-03-25,Jaipur,India,3970.89,355.44,Net Banking,Pending,2024-04-01,2
OID371,CUST116,VIP,2024-10-01,Ahmedabad,India,2527.09,36.49,Debit Card,Shipped,2024-10-08,7
OID372,CUST101,Regular,2024-09-13,Kolkata,India,431.61,3.76,Net Banking,Cancelled,,3
OID373,CUST118,VIP,2024-05-31,Chennai,India,631.52,117.54,Net Banking,Cancelled,,1
OID374,CUST113,Regular,2024-11-21,Surat,India,4826.19,619.24,UPI,Shipped,2024-11-24,10
OID375,CUST297,Guest,2024-06-14,Surat,India,3844.28,156.73,Credit Card,Pending,2024-06-25,5
OID376,CUST184,Guest,2024-11-01,Kolkata,India,3414.86,563.67,Net Banking,Shipped,2024-11-04,8
OID377,CUST168,VIP,2024-09-08,Surat,India,3637.77,174.9,UPI,Shipped,2024-09-22,7
OID378,CUST261,VIP,2025-02-22,Jaipur,India,3903.06,299.71,Debit Card,Cancelled,,2
OID379,CUST298,VIP,2024-12-02,Kolkata,India,2262.6,265.07,Credit Card,Delivered,2024-12-11,7
OID380,CUST122,Guest,2024-12-12,Hyderabad,India,4179.24,619.75,Debit Card,Delivered,2024-12-21,8
OID381,CUST274,Regular,2024-09-13,Chennai,India,441.18,23.79,Net Banking,Pending,2024-09-21,7
OID382,CUST238,Guest,2024-10-10,Mumbai,India,4668.05,191.35,Credit Card,Shipped,2024-10-19,7
OID383,CUST138,Regular,2025-02-15,Mumbai,India,2822.43,74.23,Net Banking,Cancelled,,8
OID384,CUST104,VIP,2024-12-10,Chennai,India,1500.37,297.26,Credit Card,Delivered,2024-12-13,2
OID385,CUST233,Guest,2025-01-04,Ahmedabad,India,791.58,5.23,PayPal,Delivered,2025-01-09,8
OID386,CUST207,VIP,2024-05-02,Hyderabad,India,4005.81,471.38,UPI,Pending,2024-05-11,1
OID387,CUST287,Guest,2024-04-06,Ahmedabad,India,2684.72,113.54,PayPal,Shipped,2024-04-10,1
OID388,CUST134,Guest,2024-06-18,Chennai,India,3972.91,0.08,Net Banking,Cancelled,,8
OID389,CUST112,VIP,2024-06-29,Bangalore,India,4243.16,436.11,PayPal,Shipped,2024-07-02,6
OID390,CUST255,VIP,2024-04-17,Chennai,India,3796.1,680.61,PayPal,Delivered,2024-04-28,6
OID391,CUST251,VIP,2025-01-05,Jaipur,India,1155.59,187.89,PayPal,Shipped,2025-01-17,5
OID392,CUST136,VIP,2025-01-12,Pune,India,658.41,99.67,PayPal,Cancelled,,4
OID393,CUST154,VIP,2024-11-02,Hyderabad,India,4114.05,429.21,UPI,Pending,2024-11-09,3
OID394,CUST158,Regular,2024-10-21,Jaipur,India,3880.53,185.88,UPI,Pending,2024-10-28,9
OID395,CUST125,Guest,2025-02-14,Hyderabad,India,3234.83,315.75,UPI,Cancelled,,6
OID396,CUST237,Regular,2025-02-12,Delhi,India,2629.37,482.12,Credit Card,Cancelled,,3
OID397,CUST134,Regular,2024-04-08,Chennai,India,1804.28,88.35,UPI,Delivered,2024-04-19,9
OID398,CUST175,Regular,2025-02-23,Surat,India,3953.04,325.18,PayPal,Pending,2025-03-01,6
OID399,CUST239,Regular,2024-03-27,Ahmedabad,India,4140.37,548.47,UPI,Delivered,2024-04-05,5
OID400,CUST118,VIP,2025-02-12,Chennai,India,4407.15,727.63,Credit Card,Delivered,2025-02-23,1
OID401,CUST267,Regular,2024-05-13,Bangalore,India,1440.57,208.57,PayPal,Delivered,2024-05-21,9
OID402,CUST256,Guest,2024-09-10,Bangalore,India,4503.7,372.23,UPI,Delivered,2024-09-16,9
OID403,CUST291,Guest,2024-11-19,Mumbai,India,2157.91,5.17,UPI,Pending,2024-11-27,5
OID404,CUST225,Guest,2024-04-02,Kolkata,India,517.23,26.3,Net Banking,Delivered,2024-04-09,4
OID405,CUST246,Regular,2024-08-06,Kolkata,India,2625.77,127.24,UPI,Shipped,2024-08-14,1
OID406,CUST114,Regular,2024-08-16,Jaipur,India,573.68,40.41,PayPal,Shipped,2024-08-21,4
OID407,CUST271,VIP,2024-10-15,Mumbai,India,4817.72,155.48,Net Banking,Cancelled,,10
OID408,CUST146,VIP,2025-02-02,Ahmedabad,India,135.83,4.54,Credit Card,Pending,2025-02-15,8
OID409,CUST246,Guest,2024-07-08,Kolkata,India,3097.97,34.39,Credit Card,Delivered,2024-07-17,3
OID410,CUST236,Guest,2024-10-14,Kolkata,India,1707.79,120.37,PayPal,Delivered,2024-10-19,9
OID411,CUST126,Regular,2025-02-03,Delhi,India,3780.75,115.42,Net Banking,Shipped,2025-02-16,7
OID412,CUST148,Regular,2025-03-02,Pune,India,1431.37,166.01,Debit Card,Shipped,2025-03-12,7
OID413,CUST124,VIP,2024-11-11,Kolkata,India,580.16,52.01,Net Banking,Cancelled,,7
OID414,CUST220,Guest,2024-09-15,Delhi,India,3807.76,511.89,Net Banking,Shipped,2024-09-26,10
OID415,CUST190,Regular,2024-08-26,Chennai,India,3947.76,513.94,Net Banking,Pending,2024-09-03,9
OID416,CUST172,Guest,2024-04-06,Kolkata,India,1818.49,87.52,Debit Card,Shipped,2024-04-11,3
OID417,CUST177,VIP,2025-01-01,Bangalore,India,2647.88,244.54,Credit Card,Delivered,2025-01-04,1
OID418,CUST131,VIP,2025-02-24,Pune,India,2506.37,492.4,UPI,Shipped,2025-03-02,9
OID419,CUST252,Regular,2024-10-31,Ahmedabad,India,303.3,5.61,Net Banking,Shipped,2024-11-06,9
OID420,CUST138,Guest,2025-02-11,Mumbai,India,1643.58,224.06,UPI,Delivered,2025-02-14,5
OID421,CUST164,VIP,2024-12-19,Pune,India,924.44,19.38,UPI,Delivered,2024-12-23,8
OID422,CUST288,Guest,2024-04-29,Kolkata,India,751.5,139.03,UPI,Shipped,2024-05-11,2
OID423,CUST211,Guest,2024-09-26,Chennai,India,4425.19,345.81,Credit Card,Pending,2024-10-08,10
OID424,CUST101,Guest,2024-06-09,Kolkata,India,411.03,5.38,Net Banking,Cancelled,,9
OID425,CUST138,VIP,2024-12-12,Mumbai,India,1960.39,231.88,PayPal,Cancelled,,9
OID426,CUST209,Guest,2024-06-25,Surat,India,1917.42,261.05,Debit Card,Pending,2024-07-05,3
OID427,CUST198,Guest,2024-10-11,Delhi,India,2037.95,320.76,PayPal,Pending,2024-10-23,1
OID428,CUST283,Guest,2024-04-09,Ahmedabad,India,923.67,89.55,Credit Card,Delivered,2024-04-19,9
OID429,CUST231,VIP,2024-12-02,Delhi,India,2672.62,59.25,Credit Card,Shipped,2024-12-11,10
OID430,CUST152,VIP,2024-05-25,Jaipur,India,3982.16,295.11,PayPal,Pending,2024-05-28,9
OID431,CUST196,VIP,2024-08-06,Pune,India,2297.43,418.0,UPI,Cancelled,,7
OID432,CUST244,Guest,2024-10-22,Chennai,India,3712.5,712.69,Net Banking,Delivered,2024-11-03,5
OID433,CUST295,Guest,2024-06-11,Kolkata,India,4041.9,796.02,Net Banking,Pending,2024-06-19,6
OID434,CUST225,Guest,2024-05-06,Kolkata,India,4379.76,341.24,Debit Card,Cancelled,,3
OID435,CUST229,VIP,2024-10-15,Kolkata,India,2960.04,434.33,Debit Card,Pending,2024-10-26,6
OID436,CUST109,VIP,2024-11-10,Hyderabad,India,1384.86,271.9,UPI,Shipped,2024-11-16,7
OID437,CUST120,Regular,2024-12-17,Chennai,India,1393.9,243.69,PayPal,Delivered,2024-12-28,4
OID438,CUST175,VIP,2024-11-01,Surat,India,27.0,3.18,Debit Card,Delivered,2024-11-07,5
OID439,CUST104,Regular,2024-12-11,Chennai,India,4979.54,219.94,UPI,Shipped,2024-12-19,5
OID440,CUST169,Regular,2025-03-14,Ahmedabad,India,2233.98,206.4,PayPal,Cancelled,,7
OID441,CUST227,VIP,2025-01-06,Kolkata,India,1905.01,374.23,Debit Card,Delivered,2025-01-19,4
OID442,CUST241,VIP,2024-09-05,Chennai,India,2112.02,164.15,UPI,Delivered,2024-09-19,10
OID443,CUST244,VIP,2025-01-04,Chennai,India,4119.98,261.03,Net Banking,Shipped,2025-01-18,8
OID444,CUST284,VIP,2024-12-30,Jaipur,India,3462.06,42.5,UPI,Delivered,2025-01-04,3
OID445,CUST137,VIP,2024-10-30,Ahmedabad,India,4767.6,271.74,UPI,Pending,2024-11-07,10
OID446,CUST154,VIP,2024-10-07,Hyderabad,India,4752.99,258.27,Net Banking,Shipped,2024-10-16,7
OID447,CUST216,Regular,2025-02-02,Jaipur,India,1825.69,355.78,UPI,Shipped,2025-02-12,5
OID448,CUST271,VIP,2024-07-10,Mumbai,India,1704.16,97.57,PayPal,Cancelled,,8
OID449,CUST169,Regular,2025-01-25,Ahmedabad,India,4772.83,838.27,PayPal,Delivered,2025-02-01,5
OID450,CUST161,Guest,2024-11-01,Chennai,India,3284.27,485.56,Debit Card,Pending,2024-11-03,7
OID451,CUST215,Guest,2024-06-02,Jaipur,India,3918.92,356.97,PayPal,Cancelled,,10
OID452,CUST261,Guest,2024-07-18,Jaipur,India,1852.91,288.32,UPI,Pending,2024-07-24,1
OID453,CUST191,Guest,2024-11-17,Kolkata,India,4525.72,483.87,Credit Card,Shipped,2024-11-27,5
OID454,CUST185,Regular,2024-12-22,Pune,India,3433.68,53.44,Net Banking,Pending,2024-12-30,8
OID455,CUST285,Guest,2025-02-23,Pune,India,3327.05,51.98,Debit Card,Shipped,2025-03-07,8
OID456,CUST267,VIP,2024-09-15,Bangalore,India,2648.58,73.13,UPI,Cancelled,,7
OID457,CUST155,Guest,2025-03-13,Mumbai,India,4309.07,409.4,Debit Card,Delivered,2025-03-17,3
OID458,CUST234,VIP,2024-05-15,Ahmedabad,India,1495.13,243.73,PayPal,Shipped,2024-05-21,8
OID459,CUST173,VIP,2024-10-01,Surat,India,2698.87,8.94,Debit Card,Pending,2024-10-03,5
OID460,CUST166,Guest,2024-06-28,Kolkata,India,2825.47,516.46,Net Banking,Shipped,2024-07-01,10
OID461,CUST149,Guest,2024-06-09,Hyderabad,India,4728.7,838.56,Net Banking,Shipped,2024-06-18,1
OID462,CUST151,Regular,2024-11-15,Chennai,India,3681.52,495.37,PayPal,Pending,2024-11-19,8
OID463,CUST204,Guest,2024-08-25,Hyderabad,India,280.57,41.44,UPI,Pending,2024-09-06,3
OID464,CUST228,Guest,2024-11-19,Ahmedabad,India,170.34,0.03,Debit Card,Delivered,2024-11-28,3
OID465,CUST146,Regular,2024-10-22,Ahmedabad,India,3501.63,348.72,Credit Card,Cancelled,,5
OID466,CUST102,Guest,2025-02-04,Ahmedabad,India,1562.25,76.63,UPI,Pending,2025-02-12,10
OID467,CUST173,Regular,2024-12-27,Surat,India,3600.57,517.78,Debit Card,Shipped,2024-12-30,4
OID468,CUST247,Guest,2024-04-24,Ahmedabad,India,4878.66,392.21,UPI,Cancelled,,1
OID469,CUST262,VIP,2025-02-28,Pune,India,741.05,26.96,UPI,Cancelled,,6
OID470,CUST220,VIP,2024-07-07,Delhi,India,593.83,69.6,Credit Card,Pending,2024-07-19,2
OID471,CUST160,Regular,2024-07-31,Delhi,India,1708.6,16.88,Net Banking,Shipped,2024-08-02,5
OID472,CUST190,Regular,2025-03-01,Chennai,India,4888.8,734.82,Debit Card,Shipped,2025-03-04,4
OID473,CUST179,Regular,2024-04-19,Mumbai,India,1987.95,213.86,Debit Card,Cancelled,,7
OID474,CUST178,Guest,2024-09-05,Chennai,India,3694.42,516.04,Debit Card,Shipped,2024-09-11,2
OID475,CUST115,VIP,2024-09-18,Pune,India,542.76,29.03,Debit Card,Delivered,2024-10-02,3
OID476,CUST118,VIP,2024-06-15,Chennai,India,2114.42,88.47,Debit Card,Cancelled,,3
OID477,CUST253,VIP,2024-06-12,Surat,India,4538.43,379.25,Debit Card,Cancelled,,10
OID478,CUST182,Guest,2024-06-18,Mumbai,India,1420.77,274.14,Net Banking,Delivered,2024-06-21,5
OID479,CUST185,Guest,2024-12-08,Pune,India,285.41,49.88,Net Banking,Delivered,2024-12-16,10
OID480,CUST275,Regular,2024-03-31,Hyderabad,India,1827.17,95.52,Net Banking,Shipped,2024-04-13,5
OID481,CUST216,VIP,2024-12-20,Jaipur,India,4063.9,509.38,Debit Card,Pending,2024-12-30,8
OID482,CUST212,VIP,2025-02-22,Kolkata,India,3015.25,441.31,Credit Card,Shipped,2025-02-25,2
OID483,CUST281,Regular,2025-02-21,Kolkata,India,347.7,8.46,Net Banking,Cancelled,,1
OID484,CUST177,Regular,2024-11-19,Bangalore,India,2415.32,330.3,Credit Card,Cancelled,,8
OID485,CUST243,Regular,2024-06-12,Mumbai,India,1428.97,188.32,Credit Card,Delivered,2024-06-19,1
OID486,CUST202,VIP,2024-07-06,Hyderabad,India,2342.95,178.06,Credit Card,Cancelled,,3
OID487,CUST201,VIP,2024-07-21,Jaipur,India,783.53,57.89,Debit Card,Delivered,2024-07-31,10
OID488,CUST152,Guest,2024-07-25,Jaipur,India,4620.11,912.99,Debit Card,Cancelled,,2
OID489,CUST170,Guest,2024-12-11,Pune,India,125.31,14.91,UPI,Pending,2024-12-22,5
OID490,CUST279,VIP,2024-06-28,Delhi,India,3447.51,338.54,Credit Card,Cancelled,,1
OID491,CUST152,Regular,2024-10-03,Jaipur,India,3874.48,274.45,PayPal,Delivered,2024-10-05,7
OID492,CUST223,Guest,2024-11-16,Kolkata,India,2705.27,108.69,Debit Card,Shipped,2024-11-23,2
OID493,CUST199,Regular,2024-11-02,Hyderabad,India,1116.11,198.98,PayPal,Pending,2024-11-15,4
OID494,CUST135,Regular,2024-05-17,Delhi,India,3681.79,468.14,PayPal,Delivered,2024-05-23,7
OID495,CUST119,Regular,2024-06-21,Jaipur,India,4150.11,286.33,UPI,Shipped,2024-06-25,6
OID496,CUST283,VIP,2024-05-05,Ahmedabad,India,3287.82,374.78,Credit Card,Pending,2024-05-16,1
OID497,CUST156,Guest,2024-12-23,Delhi,India,1226.96,26.28,PayPal,Cancelled,,2
OID498,CUST287,VIP,2024-09-17,Ahmedabad,India,999.72,26.09,Debit Card,Pending,2024-09-29,9
OID499,CUST271,Regular,2024-06-26,Mumbai,India,324.25,63.4,Debit Card,Cancelled,,1
OID500,CUST106,VIP,2024-12-23,Delhi,India,3241.22,97.55,UPI,Pending,2024-12-25,1
OID501,CUST239,VIP,2024-06-19,Ahmedabad,India,108.76,10.01,Credit Card,Delivered,2024-06-25,10
OID502,CUST242,Guest,2024-09-21,Pune,India,3767.8,285.94,Net Banking,Shipped,2024-09-24,5
OID503,CUST254,Regular,2024-11-23,Pune,India,3689.3,635.95,Debit Card,Cancelled,,8
OID504,CUST159,Regular,2024-05-04,Chennai,India,2603.74,159.02,Debit Card,Pending,2024-05-14,6
OID505,CUST129,Regular,2024-08-02,Chennai,India,2537.71,477.43,PayPal,Shipped,2024-08-11,5
OID506,CUST274,VIP,2025-03-19,Chennai,India,2737.02,208.94,PayPal,Shipped,2025-03-21,6
OID507,CUST166,VIP,2025-02-08,Kolkata,India,2116.77,343.94,Net Banking,Pending,2025-02-21,8
OID508,CUST140,Guest,2024-05-06,Mumbai,India,3317.59,625.71,UPI,Delivered,2024-05-16,5
OID509,CUST211,Guest,2025-01-12,Chennai,India,2395.51,438.13,Debit Card,Shipped,2025-01-22,6
OID510,CUST295,VIP,2024-08-05,Kolkata,India,2518.36,404.29,UPI,Delivered,2024-08-19,7
OID511,CUST222,Guest,2024-06-25,Kolkata,India,114.95,9.78,Debit Card,Shipped,2024-07-07,4
OID512,CUST282,VIP,2024-12-13,Ahmedabad,India,547.01,54.35,PayPal,Delivered,2024-12-21,10
OID513,CUST245,Regular,2024-12-25,Delhi,India,3689.83,249.48,Debit Card,Pending,2024-12-31,9
OID514,CUST241,Guest,2024-07-10,Chennai,India,3335.63,470.25,Credit Card,Cancelled,,9
OID515,CUST196,Regular,2024-05-23,Pune,India,3967.46,382.03,Net Banking,Cancelled,,6
OID516,CUST139,Guest,2024-04-10,Mumbai,India,1603.87,296.58,Credit Card,Delivered,2024-04-17,7
OID517,CUST275,Regular,2024-03-25,Hyderabad,India,4526.58,44.08,Debit Card,Shipped,2024-03-28,5
OID518,CUST295,Guest,2024-12-24,Kolkata,India,3272.3,28.27,PayPal,Pending,2025-01-01,6
OID519,CUST209,Regular,2024-11-09,Surat,India,2498.88,295.19,Credit Card,Delivered,2024-11-21,9
OID520,CUST194,Guest,2024-11-25,Kolkata,India,3298.91,116.52,Credit Card,Delivered,2024-12-03,7
OID521,CUST298,Regular,2024-09-14,Kolkata,India,1078.78,158.75,PayPal,Cancelled,,4
OID522,CUST228,Guest,2024-07-06,Ahmedabad,India,4287.52,256.76,Credit Card,Delivered,2024-07-10,4
OID523,CUST251,VIP,2025-01-16,Jaipur,India,4411.96,730.81,Debit Card,Shipped,2025-01-27,4
OID524,CUST287,VIP,2024-09-25,Ahmedabad,India,252.35,6.49,Credit Card,Cancelled,,3
OID525,CUST227,Regular,2024-03-31,Kolkata,India,1731.94,338.61,PayPal,Delivered,2024-04-05,4
OID526,CUST285,Regular,2024-05-08,Pune,India,4279.46,625.8,PayPal,Cancelled,,9
OID527,CUST196,VIP,2024-06-05,Pune,India,652.38,78.76,Net Banking,Shipped,2024-06-07,10
OID528,CUST127,Regular,2024-06-07,Hyderabad,India,3975.05,585.04,PayPal,Delivered,2024-06-13,8
OID529,CUST204,VIP,2024-11-16,Hyderabad,India,1436.21,264.17,Debit Card,Pending,2024-11-21,5
OID530,CUST260,Guest,2024-11-01,Bangalore,India,2697.03,215.22,Debit Card,Pending,2024-11-07,5
OID531,CUST162,VIP,2025-03-08,Hyderabad,India,1479.74,276.5,Net Banking,Cancelled,,6
OID532,CUST244,Regular,2024-08-18,Chennai,India,682.31,118.15,PayPal,Shipped,2024-08-21,8
OID533,CUST163,Regular,2024-03-31,Ahmedabad,India,2017.56,251.32,Net Banking,Delivered,2024-04-14,5
OID534,CUST255,Regular,2024-09-22,Chennai,India,3033.38,310.16,Net Banking,Cancelled,,4
OID535,CUST123,VIP,2025-02-10,Delhi,India,4671.05,589.87,UPI,Pending,2025-02-12,3
OID536,CUST138,Guest,2024-08-18,Mumbai,India,3902.06,75.65,UPI,Shipped,2024-08-22,10
OID537,CUST290,Guest,2024-10-02,Kolkata,India,4916.92,565.45,Debit Card,Shipped,2024-10-16,9
OID538,CUST149,Regular,2024-09-05,Hyderabad,India,2914.09,198.3,PayPal,Cancelled,,3
OID539,CUST277,VIP,2024-04-02,Delhi,India,4209.54,356.34,PayPal,Delivered,2024-04-04,10
OID540,CUST192,VIP,2024-07-08,Chennai,India,3034.23,48.09,Debit Card,Delivered,2024-07-11,8
OID541,CUST192,VIP,2024-11-26,Chennai,India,3390.16,442.95,UPI,Pending,2024-12-05,2
OID542,CUST223,Regular,2024-11-09,Kolkata,India,152.59,14.92,Net Banking,Shipped,2024-11-19,1
OID543,CUST118,VIP,2024-10-02,Chennai,India,1245.89,156.13,Debit Card,Cancelled,,5
OID544,CUST203,Regular,2024-10-19,Delhi,India,2880.6,207.38,Credit Card,Cancelled,,1
OID545,CUST154,Guest,2024-05-15,Hyderabad,India,341.6,4.25,Net Banking,Cancelled,,6
OID546,CUST259,VIP,2024-08-27,Bangalore,India,3211.53,301.83,Credit Card,Cancelled,,10
OID547,CUST296,Regular,2024-04-19,Jaipur,India,3184.19,20.78,UPI,Shipped,2024-04-24,4
OID548,CUST140,Regular,2025-03-12,Mumbai,India,3219.92,145.73,UPI,Cancelled,,3
OID549,CUST190,Regular,2024-12-09,Chennai,India,4795.35,232.2,UPI,Delivered,2024-12-16,9
OID550,CUST175,VIP,2024-09-29,Surat,India,4085.4,97.03,UPI,Pending,2024-10-12,5
OID551,CUST277,Regular,2024-05-08,Delhi,India,599.68,5.23,PayPal,Shipped,2024-05-19,1
OID552,CUST193,VIP,2024-04-12,Surat,India,3639.85,638.61,PayPal,Delivered,2024-04-24,9
OID553,CUST165,Regular,2024-10-04,Jaipur,India,3936.57,780.59,Credit Card,Pending,2024-10-07,5
OID554,CUST129,Guest,2024-03-30,Chennai,India,1859.58,328.16,Debit Card,Shipped,2024-04-03,10
OID555,CUST131,Regular,2025-02-19,Pune,India,202.67,19.19,PayPal,Delivered,2025-02-25,6
OID556,CUST129,VIP,2024-08-30,Chennai,India,1646.54,134.57,PayPal,Shipped,2024-09-12,9
OID557,CUST166,Guest,2024-08-22,Kolkata,India,2922.13,465.43,Credit Card,Pending,2024-08-30,5
OID558,CUST217,Guest,2024-10-22,Delhi,India,2599.75,461.28,PayPal,Delivered,2024-11-01,6
OID559,CUST194,Regular,2024-07-11,Kolkata,India,3642.38,452.71,Credit Card,Cancelled,,9
OID560,CUST141,Regular,2025-02-10,Surat,India,511.56,54.31,Net Banking,Pending,2025-02-22,4
OID561,CUST276,VIP,2024-10-28,Bangalore,India,1474.55,35.98,Net Banking,Pending,2024-11-06,10
OID562,CUST140,Regular,2024-04-12,Mumbai,India,1776.4,332.97,Debit Card,Shipped,2024-04-16,2
OID563,CUST272,Regular,2024-10-19,Jaipur,India,3570.41,284.11,Credit Card,Shipped,2024-11-01,6
OID564,CUST169,Guest,2024-12-08,Ahmedabad,India,2664.62,131.22,Debit Card,Cancelled,,1
OID565,CUST105,Regular,2024-10-14,Kolkata,India,1026.06,117.91,Debit Card,Shipped,2024-10-28,8
OID566,CUST210,Guest,2024-05-18,Ahmedabad,India,4289.12,23.43,Credit Card,Cancelled,,3
OID567,CUST216,Guest,2025-01-23,Jaipur,India,3617.99,376.29,PayPal,Cancelled,,10
OID568,CUST153,Guest,2025-03-16,Chennai,India,559.81,78.71,Net Banking,Pending,2025-03-27,8
OID569,CUST170,Guest,2025-01-16,Pune,India,2823.32,302.8,UPI,Delivered,2025-01-29,4
OID570,CUST135,Regular,2024-09-09,Delhi,India,2667.81,340.79,UPI,Cancelled,,6
OID571,CUST275,Regular,2024-06-05,Hyderabad,India,578.02,42.38,PayPal,Delivered,2024-06-16,10
OID572,CUST273,Guest,2024-05-10,Hyderabad,India,3569.36,223.23,Credit Card,Pending,2024-05-12,1
OID573,CUST108,VIP,2025-01-01,Kolkata,India,1707.1,207.46,UPI,Cancelled,,5
OID574,CUST191,VIP,2024-07-27,Kolkata,India,2166.91,32.39,Debit Card,Cancelled,,2
OID575,CUST167,VIP,2024-07-04,Mumbai,India,3091.11,489.53,Debit Card,Shipped,2024-07-15,4
OID576,CUST240,Guest,2024-05-21,Mumbai,India,1161.72,186.45,UPI,Pending,2024-05-25,5
OID577,CUST290,Regular,2024-09-25,Kolkata,India,638.87,85.2,PayPal,Pending,2024-09-27,4
OID578,CUST252,VIP,2024-06-25,Ahmedabad,India,612.64,59.4,Net Banking,Shipped,2024-06-27,2
OID579,CUST233,VIP,2025-02-23,Ahmedabad,India,1366.7,48.76,Credit Card,Cancelled,,2
OID580,CUST183,VIP,2025-02-04,Mumbai,India,4031.9,502.97,UPI,Cancelled,,7
OID581,CUST285,Guest,2024-04-02,Pune,India,299.0,19.85,Debit Card,Pending,2024-04-10,2
OID582,CUST262,VIP,2024-04-19,Pune,India,1898.44,317.9,Debit Card,Shipped,2024-04-26,1
OID583,CUST263,Guest,2024-11-02,Chennai,India,3082.11,59.57,Net Banking,Cancelled,,1
OID584,CUST242,Regular,2025-03-07,Pune,India,3738.16,61.86,UPI,Cancelled,,10
OID585,CUST101,VIP,2024-08-05,Kolkata,India,1954.57,268.26,Net Banking,Delivered,2024-08-12,2
OID586,CUST228,Regular,2025-02-13,Ahmedabad,India,4122.16,307.92,Debit Card,Delivered,2025-02-25,9
OID587,CUST290,Regular,2024-11-08,Kolkata,India,2333.23,159.13,Credit Card,Cancelled,,8
OID588,CUST135,Guest,2025-01-15,Delhi,India,2948.83,102.82,Credit Card,Delivered,2025-01-18,10
OID589,CUST238,Regular,2024-12-22,Mumbai,India,4927.52,22.31,Credit Card,Cancelled,,5
OID590,CUST234,VIP,2025-01-31,Ahmedabad,India,2990.14,426.32,Credit Card,Shipped,2025-02-14,4
OID591,CUST220,Guest,2024-03-29,Delhi,India,3772.98,135.4,PayPal,Shipped,2024-04-01,3
OID592,CUST190,Regular,2024-04-22,Chennai,India,4346.74,296.01,Debit Card,Pending,2024-05-06,9
OID593,CUST239,Regular,2024-07-15,Ahmedabad,India,337.24,28.55,Debit Card,Shipped,2024-07-27,2
OID594,CUST140,Regular,2025-02-11,Mumbai,India,1314.64,90.88,Credit Card,Shipped,2025-02-23,7
OID595,CUST289,VIP,2025-02-01,Pune,India,3688.99,526.47,Credit Card,Shipped,2025-02-10,2
OID596,CUST230,Regular,2024-12-29,Pune,India,4092.23,788.2,Net Banking,Delivered,2025-01-11,4
OID597,CUST149,Guest,2024-10-18,Hyderabad,India,3005.16,595.86,Credit Card,Cancelled,,3
OID598,CUST250,Guest,2024-12-11,Ahmedabad,India,1265.71,52.2,Debit Card,Cancelled,,4
OID599,CUST213,VIP,2024-04-07,Bangalore,India,4759.74,306.72,Net Banking,Delivered,2024-04-14,9
OID600,CUST135,Guest,2024-08-09,Delhi,India,287.59,5.11,Credit Card,Pending,2024-08-14,10
OID601,CUST255,Guest,2024-07-13,Chennai,India,4065.73,360.58,Credit Card,Delivered,2024-07-21,5
OID602,CUST292,VIP,2024-05-04,Pune,India,2967.62,57.69,UPI,Cancelled,,4
OID603,CUST178,Regular,2024-08-02,Chennai,India,1809.84,7.18,UPI,Shipped,2024-08-09,7
OID604,CUST286,Regular,2024-06-24,Delhi,India,1084.96,0.77,Net Banking,Shipped,2024-06-30,3
OID605,CUST298,Regular,2024-07-17,Kolkata,India,3995.83,738.41,PayPal,Shipped,2024-07-22,8
OID606,CUST180,Regular,2024-03-26,Delhi,India,33.73,6.7,UPI,Delivered,2024-04-03,7
OID607,CUST214,Regular,2025-01-17,Kolkata,India,4220.89,297.75,Credit Card,Shipped,2025-01-21,3
OID608,CUST141,Regular,2025-02-22,Surat,India,845.77,93.56,UPI,Delivered,2025-03-08,4
OID609,CUST266,Guest,2025-03-20,Bangalore,India,3160.07,501.34,Credit Card,Pending,2025-03-31,5
OID610,CUST171,Guest,2025-01-10,Surat,India,4735.81,545.18,PayPal,Delivered,2025-01-18,4
OID611,CUST234,VIP,2024-05-05,Ahmedabad,India,4011.39,584.57,PayPal,Shipped,2024-05-12,5
OID612,CUST238,Guest,2024-05-06,Mumbai,India,1652.27,327.42,UPI,Cancelled,,9
OID613,CUST220,Guest,2024-11-04,Delhi,India,3905.43,427.45,UPI,Shipped,2024-11-08,1
OID614,CUST135,Regular,2024-10-10,Delhi,India,1062.82,102.37,Credit Card,Delivered,2024-10-21,9
OID615,CUST117,VIP,2024-06-27,Ahmedabad,India,2477.39,306.13,UPI,Delivered,2024-07-05,3
OID616,CUST121,VIP,2024-05-28,Delhi,India,519.44,32.78,UPI,Pending,2024-06-10,4
OID617,CUST244,Guest,2024-10-25,Chennai,India,3319.39,355.7,PayPal,Shipped,2024-10-31,10
OID618,CUST296,Regular,2024-03-24,Jaipur,India,4008.13,362.45,PayPal,Delivered,2024-04-06,1
OID619,CUST199,Regular,2025-01-20,Hyderabad,India,3941.66,418.46,Net Banking,Shipped,2025-01-25,6
OID620,CUST246,VIP,2025-03-05,Kolkata,India,1630.1,66.16,Net Banking,Cancelled,,5
OID621,CUST194,Regular,2024-06-12,Kolkata,India,4803.0,93.75,Credit Card,Delivered,2024-06-19,7
OID622,CUST133,VIP,2024-08-10,Kolkata,India,1972.38,259.98,UPI,Delivered,2024-08-13,3
OID623,CUST177,Regular,2024-09-02,Bangalore,India,2570.84,407.57,Debit Card,Shipped,2024-09-06,7
OID624,CUST225,Guest,2024-12-15,Kolkata,India,4086.19,426.11,Credit Card,Cancelled,,9
OID625,CUST106,Guest,2024-08-19,Delhi,India,971.2,151.53,Credit Card,Pending,2024-08-29,1
OID626,CUST126,Guest,2024-10-15,Delhi,India,2261.02,65.98,UPI,Cancelled,,1
OID627,CUST275,Guest,2024-05-15,Hyderabad,India,4895.87,973.1,UPI,Delivered,2024-05-28,4
OID628,CUST139,Guest,2025-01-17,Mumbai,India,254.15,30.97,UPI,Pending,2025-01-31,3
OID629,CUST229,Regular,2024-04-09,Kolkata,India,4240.09,348.67,UPI,Delivered,2024-04-14,8
OID630,CUST200,Regular,2025-03-10,Kolkata,India,238.76,43.93,Net Banking,Cancelled,,4
OID631,CUST272,VIP,2024-08-16,Jaipur,India,3381.06,338.91,Debit Card,Delivered,2024-08-20,1
OID632,CUST157,VIP,2024-09-01,Pune,India,4896.84,922.31,UPI,Cancelled,,3
OID633,CUST275,VIP,2024-11-12,Hyderabad,India,4460.47,547.5,UPI,Pending,2024-11-26,10
OID634,CUST208,VIP,2025-02-06,Bangalore,India,4525.11,270.42,Net Banking,Shipped,2025-02-12,1
OID635,CUST167,Guest,2024-11-26,Mumbai,India,1031.22,170.53,UPI,Cancelled,,6
OID636,CUST209,Regular,2024-11-14,Surat,India,3998.28,572.07,PayPal,Shipped,2024-11-22,5
OID637,CUST112,Guest,2024-08-04,Bangalore,India,1429.57,196.22,UPI,Pending,2024-08-14,7
OID638,CUST275,Regular,2024-05-13,Hyderabad,India,3835.91,390.33,Credit Card,Cancelled,,3
OID639,CUST207,Guest,2024-03-21,Hyderabad,India,2468.9,146.28,PayPal,Delivered,2024-04-01,2
OID640,CUST177,Guest,2024-09-24,Bangalore,India,3468.23,653.76,Debit Card,Cancelled,,10
OID641,CUST227,VIP,2025-02-26,Kolkata,India,1432.53,98.4,Net Banking,Shipped,2025-03-04,3
OID642,CUST126,VIP,2024-07-19,Delhi,India,2757.07,417.29,Debit Card,Pending,2024-07-29,8
OID643,CUST105,VIP,2024-10-30,Kolkata,India,1043.07,40.14,UPI,Cancelled,,5
OID644,CUST211,VIP,2024-05-13,Chennai,India,4928.47,947.75,PayPal,Pending,2024-05-21,9
OID645,CUST176,Regular,2024-10-25,Pune,India,2037.78,71.55,PayPal,Cancelled,,4
OID646,CUST272,Regular,2025-03-12,Jaipur,India,1930.04,320.29,Net Banking,Shipped,2025-03-23,7
OID647,CUST237,Regular,2024-09-08,Delhi,India,271.64,41.34,PayPal,Delivered,2024-09-14,5
OID648,CUST126,Guest,2024-09-06,Delhi,India,2031.9,178.91,Debit Card,Delivered,2024-09-15,1
OID649,CUST111,VIP,2024-10-30,Mumbai,India,1878.58,0.46,UPI,Shipped,2024-11-01,9
OID650,CUST222,Regular,2025-02-28,Kolkata,India,3804.07,84.44,Credit Card,Pending,2025-03-04,6
OID651,CUST156,Guest,2024-11-09,Delhi,India,4815.64,787.81,UPI,Shipped,2024-11-16,9
OID652,CUST186,Regular,2024-07-22,Ahmedabad,India,1097.44,104.89,Debit Card,Pending,2024-07-30,6
OID653,CUST129,VIP,2024-12-12,Chennai,India,2944.58,299.22,Debit Card,Shipped,2024-12-23,7
OID654,CUST226,VIP,2024-08-26,Chennai,India,2973.3,532.39,PayPal,Shipped,2024-08-29,4
OID655,CUST285,Guest,2025-02-08,Pune,India,3619.95,346.86,Debit Card,Delivered,2025-02-14,10
OID656,CUST216,Regular,2024-09-17,Jaipur,India,4724.05,187.47,UPI,Pending,2024-09-26,1
OID657,CUST140,VIP,2024-09-28,Mumbai,India,3063.01,525.44,Debit Card,Cancelled,,6
OID658,CUST261,VIP,2025-01-21,Jaipur,India,4843.44,630.58,Debit Card,Cancelled,,8
OID659,CUST177,VIP,2024-09-11,Bangalore,India,4530.54,172.87,Credit Card,Delivered,2024-09-20,9
OID660,CUST149,Guest,2024-08-28,Hyderabad,India,3049.04,250.13,UPI,Delivered,2024-09-11,7
OID661,CUST121,Regular,2024-12-02,Delhi,India,3127.01,268.85,UPI,Delivered,2024-12-09,3
OID662,CUST188,Guest,2024-09-24,Surat,India,3368.02,359.11,Debit Card,Pending,2024-10-02,8
OID663,CUST292,Regular,2024-04-16,Pune,India,659.23,36.92,Credit Card,Cancelled,,8
OID664,CUST112,VIP,2024-06-21,Bangalore,India,417.26,55.56,Debit Card,Pending,2024-07-04,7
OID665,CUST294,VIP,2024-11-05,Kolkata,India,3677.05,157.27,Net Banking,Shipped,2024-11-18,4
OID666,CUST145,Regular,2024-03-31,Mumbai,India,3840.47,521.16,Debit Card,Shipped,2024-04-12,4
OID667,CUST264,VIP,2024-11-24,Hyderabad,India,4677.27,67.64,Credit Card,Shipped,2024-11-27,8
OID668,CUST141,Regular,2024-12-22,Surat,India,135.08,25.74,Credit Card,Delivered,2024-12-26,10
OID669,CUST247,VIP,2024-08-08,Ahmedabad,India,3260.63,116.73,UPI,Pending,2024-08-20,5
OID670,CUST215,Regular,2024-12-28,Jaipur,India,4549.86,75.15,PayPal,Cancelled,,6
OID671,CUST116,Regular,2025-02-08,Ahmedabad,India,1326.24,160.83,UPI,Delivered,2025-02-18,5
OID672,CUST297,Guest,2024-08-07,Surat,India,1086.84,32.12,UPI,Shipped,2024-08-18,9
OID673,CUST225,Guest,2024-11-14,Kolkata,India,1119.27,213.02,Net Banking,Pending,2024-11-20,1
OID674,CUST191,Regular,2025-02-03,Kolkata,India,1092.88,102.53,UPI,Delivered,2025-02-16,2
OID675,CUST300,Guest,2025-01-19,Kolkata,India,677.55,116.08,UPI,Delivered,2025-01-28,6
OID676,CUST155,Regular,2024-10-13,Mumbai,India,2651.35,20.56,UPI,Cancelled,,7
OID677,CUST164,Regular,2024-11-23,Pune,India,2452.25,127.01,Debit Card,Shipped,2024-12-02,2
OID678,CUST110,Regular,2024-12-02,Delhi,India,476.6,83.3,Net Banking,Cancelled,,6
OID679,CUST127,Regular,2025-01-26,Hyderabad,India,3089.49,31.5,UPI,Delivered,2025-02-08,9
OID680,CUST274,VIP,2024-08-25,Chennai,India,2380.34,215.08,UPI,Shipped,2024-08-28,1
OID681,CUST144,VIP,2024-07-12,Kolkata,India,3349.19,475.36,Credit Card,Delivered,2024-07-24,10
OID682,CUST272,Guest,2024-05-11,Jaipur,India,1854.98,224.63,PayPal,Shipped,2024-05-14,4
OID683,CUST134,VIP,2024-05-07,Chennai,India,461.54,59.25,PayPal,Shipped,2024-05-10,9
OID684,CUST176,Guest,2025-02-25,Pune,India,2574.83,137.55,Credit Card,Pending,2025-03-05,4
OID685,CUST283,Regular,2025-02-19,Ahmedabad,India,1578.56,104.58,Net Banking,Delivered,2025-02-28,7
OID686,CUST246,VIP,2024-09-22,Kolkata,India,184.98,25.28,PayPal,Delivered,2024-09-30,10
OID687,CUST249,Guest,2024-08-05,Chennai,India,1604.63,62.26,Credit Card,Delivered,2024-08-15,3
OID688,CUST145,Guest,2024-05-05,Mumbai,India,2692.74,180.73,Net Banking,Pending,2024-05-14,1
OID689,CUST104,Guest,2024-04-23,Chennai,India,1595.52,103.57,PayPal,Pending,2024-05-07,2
OID690,CUST113,VIP,2024-10-26,Surat,India,640.23,127.54,UPI,Delivered,2024-11-05,5
OID691,CUST258,VIP,2024-12-13,Chennai,India,2857.66,430.75,UPI,Shipped,2024-12-26,10
OID692,CUST248,Regular,2024-12-05,Chennai,India,4220.49,549.91,PayPal,Cancelled,,10
OID693,CUST294,Regular,2025-02-13,Kolkata,India,2692.47,386.7,PayPal,Cancelled,,5
OID694,CUST238,Regular,2024-12-27,Mumbai,India,1661.46,103.86,PayPal,Shipped,2025-01-05,3
OID695,CUST275,VIP,2024-05-28,Hyderabad,India,3673.69,118.54,Debit Card,Pending,2024-06-06,9
OID696,CUST246,VIP,2025-03-11,Kolkata,India,1537.74,101.7,Credit Card,Pending,2025-03-22,6
OID697,CUST157,VIP,2024-11-02,Pune,India,160.02,16.26,PayPal,Delivered,2024-11-16,10
OID698,CUST109,VIP,2025-02-14,Hyderabad,India,4615.16,525.82,Credit Card,Cancelled,,8
OID699,CUST125,Regular,2025-01-18,Hyderabad,India,4644.11,359.43,UPI,Pending,2025-01-26,2
OID700,CUST146,Guest,2024-07-27,Ahmedabad,India,1489.21,32.59,Net Banking,Shipped,2024-08-02,6
OID701,CUST213,VIP,2024-07-03,Bangalore,India,4879.32,643.2,Credit Card,Shipped,2024-07-10,4
OID702,CUST268,Guest,2025-03-11,Mumbai,India,1628.15,160.64,UPI,Pending,2025-03-22,7
OID703,CUST195,Guest,2024-12-09,Surat,India,4290.94,537.14,UPI,Shipped,2024-12-12,4
OID704,CUST250,Guest,2025-01-18,Ahmedabad,India,2257.34,29.81,Debit Card,Shipped,2025-01-28,4
OID705,CUST233,Regular,2024-09-15,Ahmedabad,India,484.06,8.16,Net Banking,Pending,2024-09-22,10
OID706,CUST299,VIP,2024-08-21,Mumbai,India,2918.65,394.1,Credit Card,Delivered,2024-08-28,4
OID707,CUST248,Regular,2024-04-20,Chennai,India,2981.34,443.16,Net Banking,Cancelled,,3
OID708,CUST189,VIP,2024-12-24,Delhi,India,1017.66,158.7,UPI,Cancelled,,7
OID709,CUST161,VIP,2024-07-24,Chennai,India,383.43,5.84,Net Banking,Shipped,2024-08-06,5
OID710,CUST190,VIP,2024-05-10,Chennai,India,835.79,132.01,UPI,Cancelled,,5
OID711,CUST181,Guest,2024-07-01,Bangalore,India,2188.16,102.84,PayPal,Shipped,2024-07-15,3
OID712,CUST121,VIP,2024-05-14,Delhi,India,1649.35,243.96,Net Banking,Cancelled,,9
OID713,CUST238,Regular,2024-04-23,Mumbai,India,2042.39,314.24,Net Banking,Pending,2024-05-02,2
OID714,CUST189,VIP,2024-05-01,Delhi,India,1027.83,100.31,Debit Card,Delivered,2024-05-10,6
OID715,CUST263,Guest,2024-08-01,Chennai,India,2941.22,256.04,PayPal,Pending,2024-08-12,4
OID716,CUST275,Guest,2024-12-23,Hyderabad,India,2385.15,175.53,Credit Card,Cancelled,,6
OID717,CUST298,Guest,2024-04-12,Kolkata,India,3343.01,284.15,UPI,Pending,2024-04-14,10
OID718,CUST138,Guest,2024-08-13,Mumbai,India,3538.73,73.07,Credit Card,Delivered,2024-08-24,8
OID719,CUST155,VIP,2024-11-27,Mumbai,India,4634.85,905.27,UPI,Pending,2024-12-03,3
OID720,CUST276,VIP,2025-03-10,Bangalore,India,880.49,105.8,Net Banking,Shipped,2025-03-17,2
OID721,CUST136,Guest,2024-10-30,Pune,India,4713.52,724.13,Debit Card,Shipped,2024-11-08,3
OID722,CUST228,VIP,2024-11-02,Ahmedabad,India,1109.83,182.55,Net Banking,Delivered,2024-11-08,7
OID723,CUST140,Regular,2024-09-08,Mumbai,India,1709.11,27.73,UPI,Cancelled,,9
OID724,CUST179,VIP,2024-09-06,Mumbai,India,3369.5,316.87,Credit Card,Delivered,2024-09-12,4
OID725,CUST288,Guest,2024-04-17,Kolkata,India,2752.95,207.05,PayPal,Delivered,2024-04-26,1
OID726,CUST232,VIP,2024-05-18,Pune,India,4124.75,43.59,Net Banking,Delivered,2024-06-01,5
OID727,CUST284,Regular,2024-11-09,Jaipur,India,2279.51,380.39,Debit Card,Shipped,2024-11-23,9
OID728,CUST233,VIP,2024-04-06,Ahmedabad,India,602.55,65.39,Credit Card,Shipped,2024-04-10,2
OID729,CUST126,VIP,2024-12-24,Delhi,India,1135.68,113.82,UPI,Cancelled,,1
OID730,CUST141,Guest,2024-11-25,Surat,India,3654.42,668.43,PayPal,Shipped,2024-12-04,8
OID731,CUST275,Regular,2024-08-15,Hyderabad,India,4285.13,279.27,UPI,Shipped,2024-08-26,6
OID732,CUST264,Guest,2024-12-09,Hyderabad,India,2493.19,275.92,Debit Card,Shipped,2024-12-18,1
OID733,CUST271,VIP,2024-07-24,Mumbai,India,4568.2,344.36,Net Banking,Shipped,2024-08-06,5
OID734,CUST169,VIP,2024-07-27,Ahmedabad,India,892.1,153.13,Net Banking,Delivered,2024-08-05,1
OID735,CUST247,Guest,2024-10-10,Ahmedabad,India,2366.65,437.95,Debit Card,Cancelled,,4
OID736,CUST232,Regular,2025-02-12,Pune,India,4179.95,283.59,PayPal,Delivered,2025-02-20,10
OID737,CUST146,Regular,2025-01-26,Ahmedabad,India,4242.21,706.62,Net Banking,Pending,2025-01-30,10
OID738,CUST200,VIP,2024-04-19,Kolkata,India,2911.52,570.1,Credit Card,Cancelled,,2
OID739,CUST277,Regular,2024-10-31,Delhi,India,4944.77,963.06,Credit Card,Delivered,2024-11-03,3
OID740,CUST269,VIP,2024-06-21,Chennai,India,634.76,124.52,UPI,Delivered,2024-07-03,7
OID741,CUST271,Guest,2024-12-29,Mumbai,India,3299.86,69.55,Credit Card,Cancelled,,1
OID742,CUST253,Regular,2024-06-12,Surat,India,1108.66,79.74,Credit Card,Cancelled,,1
OID743,CUST251,Regular,2024-11-27,Jaipur,India,4477.71,523.5,Debit Card,Shipped,2024-12-10,1
OID744,CUST175,VIP,2024-12-15,Surat,India,1213.5,2.79,Debit Card,Delivered,2024-12-22,2
OID745,CUST256,VIP,2025-03-07,Bangalore,India,1030.9,6.72,Credit Card,Cancelled,,4
OID746,CUST279,VIP,2025-01-23,Delhi,India,3910.14,242.08,Debit Card,Cancelled,,4
OID747,CUST264,VIP,2024-12-14,Hyderabad,India,1324.85,169.4,Debit Card,Cancelled,,3
OID748,CUST285,Guest,2024-06-13,Pune,India,4936.75,279.24,PayPal,Shipped,2024-06-20,9
OID749,CUST297,VIP,2025-01-19,Surat,India,3624.27,294.88,PayPal,Shipped,2025-01-23,8
OID750,CUST191,Regular,2024-11-10,Kolkata,India,4676.79,410.71,PayPal,Shipped,2024-11-20,9
OID751,CUST138,Guest,2024-06-28,Mumbai,India,67.74,3.21,Net Banking,Delivered,2024-06-30,8
OID752,CUST151,VIP,2025-02-02,Chennai,India,497.31,16.04,Net Banking,Delivered,2025-02-12,10
OID753,CUST235,VIP,2024-10-17,Mumbai,India,4507.6,774.81,Net Banking,Cancelled,,2
OID754,CUST214,VIP,2025-01-18,Kolkata,India,3052.4,203.49,PayPal,Cancelled,,3
OID755,CUST244,Regular,2024-10-25,Chennai,India,2668.76,270.98,PayPal,Cancelled,,9
OID756,CUST165,Guest,2024-06-29,Jaipur,India,2283.61,321.98,Debit Card,Shipped,2024-07-01,4
OID757,CUST263,Regular,2024-06-30,Chennai,India,2616.12,219.2,PayPal,Pending,2024-07-07,6
OID758,CUST187,Guest,2024-05-23,Delhi,India,3704.25,561.39,PayPal,Shipped,2024-06-04,4
OID759,CUST221,Guest,2024-07-06,Delhi,India,4907.01,722.01,Credit Card,Shipped,2024-07-10,10
OID760,CUST196,Guest,2025-03-05,Pune,India,2376.43,387.47,PayPal,Shipped,2025-03-15,8
OID761,CUST182,VIP,2025-01-18,Mumbai,India,30.82,1.97,Credit Card,Cancelled,,10
OID762,CUST185,Regular,2024-08-17,Pune,India,1311.58,18.04,UPI,Shipped,2024-08-25,2
OID763,CUST115,Regular,2024-06-28,Pune,India,173.13,23.95,Net Banking,Cancelled,,6
OID764,CUST286,VIP,2025-01-30,Delhi,India,584.66,96.12,Net Banking,Shipped,2025-02-08,7
OID765,CUST168,Guest,2024-06-15,Surat,India,539.55,34.71,Credit Card,Pending,2024-06-19,10
OID766,CUST267,Guest,2024-10-20,Bangalore,India,2807.08,480.15,UPI,Delivered,2024-10-30,2
OID767,CUST237,VIP,2025-01-29,Delhi,India,4522.09,54.63,Credit Card,Cancelled,,1
OID768,CUST282,Guest,2024-07-21,Ahmedabad,India,387.52,40.3,Debit Card,Pending,2024-08-01,9
OID769,CUST171,VIP,2024-09-28,Surat,India,4971.55,598.5,Debit Card,Delivered,2024-10-06,10
OID770,CUST255,Regular,2024-09-13,Chennai,India,1694.99,161.44,Credit Card,Cancelled,,5
OID771,CUST260,VIP,2024-08-27,Bangalore,India,2083.63,77.72,Debit Card,Cancelled,,7
OID772,CUST225,VIP,2025-03-13,Kolkata,India,192.56,19.08,UPI,Pending,2025-03-18,4
OID773,CUST226,Regular,2024-09-24,Chennai,India,1829.27,100.49,Net Banking,Cancelled,,6
OID774,CUST127,VIP,2024-09-01,Hyderabad,India,2540.96,322.39,Debit Card,Delivered,2024-09-06,8
OID775,CUST154,Regular,2025-01-05,Hyderabad,India,1743.61,280.92,Credit Card,Cancelled,,3
OID776,CUST227,Guest,2025-02-02,Kolkata,India,1329.32,258.41,Debit Card,Cancelled,,6
OID777,CUST227,Regular,2024-09-13,Kolkata,India,1429.2,42.87,Credit Card,Delivered,2024-09-21,8
OID778,CUST200,VIP,2024-11-30,Kolkata,India,4074.04,616.1,PayPal,Cancelled,,7
OID779,CUST259,VIP,2025-02-26,Bangalore,India,582.31,88.36,Debit Card,Pending,2025-03-08,8
OID780,CUST168,Regular,2024-04-10,Surat,India,3334.87,168.16,Credit Card,Cancelled,,2
OID781,CUST223,Guest,2024-06-09,Kolkata,India,1008.09,66.77,Net Banking,Cancelled,,10
OID782,CUST189,VIP,2024-05-24,Delhi,India,2630.69,290.96,Debit Card,Pending,2024-06-07,7
OID783,CUST174,Guest,2024-08-25,Pune,India,3080.37,315.24,UPI,Cancelled,,10
OID784,CUST186,Regular,2024-10-24,Ahmedabad,India,129.29,16.64,Credit Card,Shipped,2024-10-29,9
OID785,CUST266,Guest,2024-12-23,Bangalore,India,1291.46,5.14,Credit Card,Pending,2024-12-31,10
OID786,CUST256,Regular,2025-03-20,Bangalore,India,4835.81,802.71,Credit Card,Shipped,2025-04-03,1
OID787,CUST163,Guest,2024-05-17,Ahmedabad,India,3687.81,246.48,UPI,Delivered,2024-05-26,4
OID788,CUST170,Guest,2024-09-17,Pune,India,2961.44,275.38,Debit Card,Cancelled,,9
OID789,CUST240,Regular,2025-03-17,Mumbai,India,1457.86,22.8,PayPal,Pending,2025-03-23,6
OID790,CUST144,Regular,2024-05-20,Kolkata,India,113.99,15.01,UPI,Pending,2024-05-25,8
OID791,CUST181,Regular,2024-08-25,Bangalore,India,237.19,5.59,Net Banking,Shipped,2024-08-29,3
OID792,CUST230,Regular,2024-11-27,Pune,India,771.92,88.07,Debit Card,Pending,2024-11-29,2
OID793,CUST282,Guest,2025-01-23,Ahmedabad,India,3438.9,600.09,Net Banking,Delivered,2025-02-02,5
OID794,CUST237,Guest,2024-06-05,Delhi,India,12.99,1.65,UPI,Delivered,2024-06-17,7
OID795,CUST225,VIP,2025-02-08,Kolkata,India,371.18,59.68,Debit Card,Delivered,2025-02-14,7
OID796,CUST204,Regular,2024-12-26,Hyderabad,India,4144.7,755.61,Net Banking,Delivered,2025-01-08,3
OID797,CUST152,Guest,2024-06-26,Jaipur,India,1109.15,103.06,UPI,Pending,2024-07-05,8
OID798,CUST112,Regular,2024-04-08,Bangalore,India,3165.67,573.65,UPI,Delivered,2024-04-22,3
OID799,CUST117,Regular,2025-01-19,Ahmedabad,India,1825.54,352.53,PayPal,Cancelled,,10
OID800,CUST142,Guest,2024-05-03,Delhi,India,1930.06,364.99,Credit Card,Pending,2024-05-13,2
OID801,CUST285,VIP,2025-02-18,Pune,India,2078.27,113.5,Credit Card,Pending,2025-03-01,10
OID802,CUST159,VIP,2025-03-03,Chennai,India,2812.79,241.28,Debit Card,Pending,2025-03-06,7
OID803,CUST230,VIP,2024-07-20,Pune,India,602.07,19.63,Net Banking,Delivered,2024-07-31,9
OID804,CUST122,Guest,2024-06-17,Hyderabad,India,2258.67,109.69,Net Banking,Cancelled,,5
OID805,CUST167,VIP,2025-02-18,Mumbai,India,1447.83,106.47,Credit Card,Shipped,2025-02-22,4
OID806,CUST259,Guest,2024-08-21,Bangalore,India,4205.09,588.16,UPI,Delivered,2024-08-26,1
OID807,CUST207,VIP,2024-10-23,Hyderabad,India,4252.66,418.82,Credit Card,Cancelled,,2
OID808,CUST271,Regular,2024-09-13,Mumbai,India,4433.69,153.1,UPI,Delivered,2024-09-26,4
OID809,CUST198,Guest,2024-10-31,Delhi,India,3455.42,570.29,UPI,Delivered,2024-11-06,9
OID810,CUST112,Guest,2024-10-19,Bangalore,India,2115.98,369.87,PayPal,Delivered,2024-10-30,1
OID811,CUST156,Guest,2024-08-04,Delhi,India,4800.76,905.16,PayPal,Cancelled,,8
OID812,CUST263,Regular,2024-11-07,Chennai,India,4932.41,146.12,Credit Card,Pending,2024-11-18,6
OID813,CUST244,VIP,2025-03-20,Chennai,India,2723.1,169.5,UPI,Shipped,2025-03-26,7
OID814,CUST290,VIP,2024-05-22,Kolkata,India,3222.07,346.62,UPI,Pending,2024-05-30,6
OID815,CUST196,VIP,2025-01-03,Pune,India,4930.09,462.57,PayPal,Pending,2025-01-11,10
OID816,CUST196,Regular,2024-06-12,Pune,India,634.51,62.02,PayPal,Shipped,2024-06-17,2
OID817,CUST165,VIP,2024-11-15,Jaipur,India,4289.22,735.91,Net Banking,Delivered,2024-11-17,4
OID818,CUST230,Guest,2024-04-06,Pune,India,3849.45,282.15,PayPal,Delivered,2024-04-12,6
OID819,CUST273,Guest,2024-09-24,Hyderabad,India,3310.07,188.37,UPI,Cancelled,,2
OID820,CUST178,Guest,2024-12-22,Chennai,India,103.56,6.72,UPI,Delivered,2024-12-24,1
OID821,CUST147,Guest,2024-11-15,Bangalore,India,2196.22,30.5,UPI,Delivered,2024-11-26,5
OID822,CUST247,Guest,2024-06-06,Ahmedabad,India,4529.77,481.59,Net Banking,Shipped,2024-06-17,7
OID823,CUST154,Guest,2024-04-25,Hyderabad,India,4750.04,424.35,Credit Card,Delivered,2024-05-02,5
OID824,CUST106,Regular,2024-08-24,Delhi,India,144.79,27.57,Credit Card,Pending,2024-09-03,5
OID825,CUST157,Regular,2024-07-05,Pune,India,3582.57,637.72,Debit Card,Pending,2024-07-18,4
OID826,CUST229,Regular,2024-06-09,Kolkata,India,924.54,96.32,UPI,Cancelled,,10
OID827,CUST246,Regular,2024-08-11,Kolkata,India,4655.64,657.7,Credit Card,Shipped,2024-08-17,7
OID828,CUST232,Guest,2025-03-14,Pune,India,2747.61,47.94,UPI,Delivered,2025-03-22,1
OID829,CUST259,Guest,2025-02-02,Bangalore,India,1355.98,229.59,Debit Card,Delivered,2025-02-16,1
OID830,CUST296,Guest,2024-12-03,Jaipur,India,1282.75,123.47,Debit Card,Cancelled,,7
OID831,CUST268,Regular,2024-03-30,Mumbai,India,2715.95,422.4,UPI,Shipped,2024-04-06,7
OID832,CUST232,Guest,2024-05-02,Pune,India,4423.41,34.94,Credit Card,Delivered,2024-05-14,3
OID833,CUST257,Regular,2024-11-19,Ahmedabad,India,1337.46,199.18,UPI,Delivered,2024-12-01,10
OID834,CUST265,VIP,2025-01-22,Pune,India,2352.96,31.46,UPI,Shipped,2025-01-28,5
OID835,CUST256,Regular,2025-03-09,Bangalore,India,103.77,18.41,UPI,Shipped,2025-03-18,2
OID836,CUST126,Guest,2024-05-14,Delhi,India,817.06,76.35,UPI,Shipped,2024-05-18,10
OID837,CUST239,Regular,2024-06-16,Ahmedabad,India,4568.68,505.19,Net Banking,Shipped,2024-06-21,10
OID838,CUST217,Guest,2025-01-18,Delhi,India,2252.75,98.81,Credit Card,Cancelled,,4
OID839,CUST197,Guest,2024-12-05,Mumbai,India,4550.76,301.31,UPI,Pending,2024-12-11,8
OID840,CUST103,Guest,2025-01-13,Surat,India,972.31,19.37,Debit Card,Shipped,2025-01-21,7
OID841,CUST219,Guest,2024-05-15,Delhi,India,4093.9,90.12,Net Banking,Cancelled,,2
OID842,CUST149,VIP,2024-10-29,Hyderabad,India,1100.89,59.48,Net Banking,Pending,2024-11-07,2
OID843,CUST271,Guest,2025-03-12,Mumbai,India,4316.75,352.06,UPI,Pending,2025-03-21,7
OID844,CUST262,Regular,2024-11-20,Pune,India,4603.21,729.24,UPI,Pending,2024-11-26,9
OID845,CUST213,Guest,2024-09-03,Bangalore,India,2276.28,159.73,PayPal,Delivered,2024-09-17,9
OID846,CUST133,Regular,2025-01-17,Kolkata,India,2577.77,330.45,Debit Card,Cancelled,,2
OID847,CUST187,Regular,2024-10-03,Delhi,India,749.2,62.16,UPI,Cancelled,,1
OID848,CUST269,VIP,2024-12-11,Chennai,India,4809.14,738.24,Credit Card,Cancelled,,10
OID849,CUST289,Regular,2025-02-03,Pune,India,3486.91,669.2,UPI,Delivered,2025-02-13,1
OID850,CUST262,VIP,2024-08-08,Pune,India,4808.04,439.63,Net Banking,Cancelled,,6
OID851,CUST188,Regular,2024-10-07,Surat,India,3351.24,618.48,PayPal,Pending,2024-10-19,6
OID852,CUST258,Guest,2024-10-26,Chennai,India,3293.84,559.22,Net Banking,Delivered,2024-11-09,10
OID853,CUST116,VIP,2024-07-03,Ahmedabad,India,826.98,33.33,Debit Card,Delivered,2024-07-06,9
OID854,CUST201,Regular,2024-10-25,Jaipur,India,1554.02,197.27,Credit Card,Shipped,2024-10-31,8
OID855,CUST289,VIP,2025-03-06,Pune,India,1138.72,136.39,UPI,Pending,2025-03-13,3
OID856,CUST124,Regular,2024-08-05,Kolkata,India,354.04,0.24,Net Banking,Pending,2024-08-17,5
OID857,CUST284,Regular,2025-02-21,Jaipur,India,4239.8,365.27,PayPal,Cancelled,,6
OID858,CUST230,Regular,2025-02-19,Pune,India,1612.99,23.99,PayPal,Pending,2025-03-05,1
OID859,CUST118,Guest,2024-09-16,Chennai,India,1779.14,18.01,Net Banking,Delivered,2024-09-21,9
OID860,CUST191,Guest,2024-05-10,Kolkata,India,4897.14,315.0,Net Banking,Shipped,2024-05-24,2
OID861,CUST269,VIP,2024-05-28,Chennai,India,3186.48,356.97,Net Banking,Pending,2024-06-09,5
OID862,CUST110,Regular,2024-04-01,Delhi,India,4329.77,406.25,Net Banking,Delivered,2024-04-09,4
OID863,CUST254,Guest,2024-09-30,Pune,India,4375.38,51.76,PayPal,Shipped,2024-10-10,1
OID864,CUST270,Guest,2024-11-24,Pune,India,526.91,0.17,Net Banking,Pending,2024-11-29,4
OID865,CUST206,VIP,2024-04-12,Surat,India,3699.44,178.97,Credit Card,Cancelled,,7
OID866,CUST210,VIP,2024-12-13,Ahmedabad,India,4310.4,839.71,Credit Card,Pending,2024-12-25,3
OID867,CUST276,Regular,2024-12-04,Bangalore,India,4657.91,98.82,UPI,Cancelled,,5
OID868,CUST262,VIP,2024-06-13,Pune,India,2775.61,63.65,Debit Card,Shipped,2024-06-15,1
OID869,CUST184,Regular,2024-05-10,Kolkata,India,2709.45,381.31,Net Banking,Delivered,2024-05-15,8
OID870,CUST129,VIP,2024-08-12,Chennai,India,1943.44,75.71,PayPal,Pending,2024-08-16,3
OID871,CUST291,Guest,2024-09-12,Mumbai,India,3124.2,452.67,UPI,Shipped,2024-09-19,3
OID872,CUST223,Guest,2025-03-19,Kolkata,India,3792.35,70.9,PayPal,Pending,2025-03-25,10
OID873,CUST233,Regular,2024-04-30,Ahmedabad,India,4232.37,118.43,UPI,Cancelled,,10
OID874,CUST172,Regular,2024-03-28,Kolkata,India,691.91,28.22,Credit Card,Delivered,2024-04-04,8
OID875,CUST185,VIP,2024-10-31,Pune,India,195.06,31.98,Net Banking,Pending,2024-11-13,1
OID876,CUST215,VIP,2024-07-11,Jaipur,India,969.03,33.75,Debit Card,Shipped,2024-07-17,4
OID877,CUST114,VIP,2024-04-02,Jaipur,India,1081.89,151.46,Net Banking,Cancelled,,3
OID878,CUST127,Guest,2025-01-01,Hyderabad,India,3523.29,185.06,Debit Card,Delivered,2025-01-06,2
OID879,CUST258,Guest,2024-12-27,Chennai,India,1250.32,149.0,Debit Card,Shipped,2025-01-10,5
OID880,CUST296,Guest,2024-06-16,Jaipur,India,3109.73,45.72,Net Banking,Shipped,2024-06-24,5
OID881,CUST290,Regular,2024-09-14,Kolkata,India,4298.02,80.17,Net Banking,Delivered,2024-09-27,9
OID882,CUST200,Guest,2024-05-21,Kolkata,India,556.56,22.41,UPI,Cancelled,,8
OID883,CUST230,VIP,2024-09-13,Pune,India,440.51,50.16,Debit Card,Shipped,2024-09-24,3
OID884,CUST280,Guest,2024-10-03,Ahmedabad,India,919.05,175.64,Credit Card,Delivered,2024-10-17,10
OID885,CUST107,Guest,2025-03-03,Delhi,India,128.45,5.56,Debit Card,Delivered,2025-03-11,2
OID886,CUST259,Guest,2025-02-05,Bangalore,India,2273.13,264.1,UPI,Delivered,2025-02-17,1
OID887,CUST264,Guest,2024-07-31,Hyderabad,India,4946.39,38.44,Debit Card,Shipped,2024-08-06,10
OID888,CUST158,Regular,2024-12-06,Jaipur,India,142.35,6.84,Debit Card,Shipped,2024-12-10,6
OID889,CUST242,Guest,2024-06-09,Pune,India,736.66,120.55,UPI,Shipped,2024-06-17,5
OID890,CUST254,VIP,2024-11-18,Pune,India,4142.8,606.87,Debit Card,Delivered,2024-11-27,5
OID891,CUST112,Regular,2024-05-26,Bangalore,India,2774.81,377.87,Credit Card,Shipped,2024-06-07,9
OID892,CUST132,VIP,2024-05-29,Surat,India,1809.62,168.42,Credit Card,Delivered,2024-06-02,8
OID893,CUST208,VIP,2024-10-21,Bangalore,India,4768.23,500.42,Credit Card,Shipped,2024-10-31,4
OID894,CUST210,Regular,2024-11-20,Ahmedabad,India,4491.59,89.55,Net Banking,Pending,2024-12-01,7
OID895,CUST254,Guest,2024-12-11,Pune,India,3991.26,686.71,UPI,Delivered,2024-12-23,7
OID896,CUST235,VIP,2024-12-30,Mumbai,India,1432.84,53.15,Debit Card,Delivered,2025-01-11,8
OID897,CUST109,Regular,2024-12-15,Hyderabad,India,2059.77,390.83,Credit Card,Delivered,2024-12-21,9
OID898,CUST221,VIP,2024-04-01,Delhi,India,1850.71,21.11,Credit Card,Cancelled,,4
OID899,CUST296,VIP,2025-01-19,Jaipur,India,4077.06,111.63,Net Banking,Cancelled,,1
OID900,CUST236,VIP,2024-04-15,Kolkata,India,463.9,19.45,UPI,Cancelled,,10
OID901,CUST195,Guest,2025-02-04,Surat,India,2313.26,307.67,Debit Card,Cancelled,,7
OID902,CUST259,Guest,2024-09-30,Bangalore,India,2958.53,160.27,Net Banking,Cancelled,,6
OID903,CUST180,VIP,2025-01-03,Delhi,India,2374.69,57.44,Debit Card,Cancelled,,3
OID904,CUST210,VIP,2024-12-08,Ahmedabad,India,896.71,147.72,Debit Card,Delivered,2024-12-14,9
OID905,CUST167,Regular,2024-10-29,Mumbai,India,747.33,42.04,Debit Card,Shipped,2024-11-01,6
OID906,CUST132,Regular,2024-04-27,Surat,India,4613.85,577.0,Debit Card,Delivered,2024-05-05,4
OID907,CUST222,Regular,2024-07-06,Kolkata,India,1823.05,301.02,Debit Card,Pending,2024-07-08,5
OID908,CUST213,Regular,2024-10-22,Bangalore,India,3637.39,319.99,PayPal,Pending,2024-10-24,5
OID909,CUST109,Guest,2025-01-30,Hyderabad,India,4250.31,480.94,Net Banking,Cancelled,,7
OID910,CUST292,Guest,2024-08-29,Pune,India,4485.99,111.67,Net Banking,Delivered,2024-09-10,9
OID911,CUST267,Regular,2024-08-25,Bangalore,India,1161.94,217.36,Net Banking,Pending,2024-08-30,3
OID912,CUST153,Guest,2025-03-03,Chennai,India,1496.43,89.92,Credit Card,Pending,2025-03-15,1
OID913,CUST250,VIP,2024-04-02,Ahmedabad,India,247.84,1.36,Credit Card,Pending,2024-04-06,5
OID914,CUST162,Regular,2024-10-20,Hyderabad,India,4688.0,298.83,PayPal,Cancelled,,10
OID915,CUST293,Regular,2024-08-02,Pune,India,203.01,15.35,PayPal,Delivered,2024-08-04,5
OID916,CUST257,Guest,2024-09-01,Ahmedabad,India,3699.42,153.58,Debit Card,Cancelled,,6
OID917,CUST292,VIP,2025-03-06,Pune,India,71.71,8.51,PayPal,Shipped,2025-03-17,8
OID918,CUST193,Regular,2024-10-06,Surat,India,3409.16,426.98,Credit Card,Cancelled,,7
OID919,CUST222,VIP,2024-04-21,Kolkata,India,3837.3,658.27,Credit Card,Pending,2024-04-27,7
OID920,CUST238,Guest,2024-04-29,Mumbai,India,4706.07,537.94,Net Banking,Shipped,2024-05-02,2
OID921,CUST206,VIP,2024-08-06,Surat,India,3916.95,749.29,Debit Card,Cancelled,,8
OID922,CUST232,Regular,2024-07-05,Pune,India,4569.42,172.62,Debit Card,Cancelled,,5
OID923,CUST235,Guest,2024-04-21,Mumbai,India,2162.0,304.5,Net Banking,Pending,2024-05-05,7
OID924,CUST272,Regular,2024-08-25,Jaipur,India,4330.14,157.88,Credit Card,Cancelled,,6
OID925,CUST249,VIP,2025-01-20,Chennai,India,2921.75,226.51,Net Banking,Shipped,2025-01-22,1
OID926,CUST209,Regular,2024-05-16,Surat,India,495.81,97.98,Credit Card,Shipped,2024-05-22,4
OID927,CUST259,Regular,2024-03-21,Bangalore,India,1047.85,104.89,PayPal,Delivered,2024-03-29,5
OID928,CUST161,VIP,2024-10-18,Chennai,India,462.02,5.07,Credit Card,Delivered,2024-10-20,3
OID929,CUST150,Regular,2024-09-12,Chennai,India,4099.4,305.91,Net Banking,Cancelled,,7
OID930,CUST110,Guest,2024-06-23,Delhi,India,486.86,71.87,UPI,Delivered,2024-06-26,4
OID931,CUST180,VIP,2024-06-07,Delhi,India,4623.0,749.88,Credit Card,Cancelled,,1
OID932,CUST213,VIP,2024-09-22,Bangalore,India,296.32,3.63,Net Banking,Delivered,2024-09-29,6
OID933,CUST298,Regular,2024-06-13,Kolkata,India,1883.17,113.41,PayPal,Cancelled,,4
OID934,CUST182,Guest,2024-09-13,Mumbai,India,3028.39,82.36,UPI,Cancelled,,6
OID935,CUST255,Regular,2025-03-16,Chennai,India,1666.02,273.53,UPI,Shipped,2025-03-28,2
OID936,CUST117,Regular,2024-07-13,Ahmedabad,India,2203.86,89.2,Net Banking,Cancelled,,3
OID937,CUST240,VIP,2024-05-07,Mumbai,India,1614.48,16.49,Credit Card,Shipped,2024-05-21,1
OID938,CUST243,Regular,2024-10-21,Mumbai,India,1872.44,101.06,Debit Card,Cancelled,,6
OID939,CUST112,VIP,2024-12-29,Bangalore,India,4143.48,389.97,Debit Card,Shipped,2025-01-11,10
OID940,CUST116,Guest,2024-06-20,Ahmedabad,India,346.46,57.25,Credit Card,Delivered,2024-06-30,1
OID941,CUST272,VIP,2024-03-25,Jaipur,India,3775.35,664.47,Debit Card,Pending,2024-04-06,7
OID942,CUST125,VIP,2024-08-16,Hyderabad,India,722.5,116.86,Debit Card,Shipped,2024-08-28,3
OID943,CUST101,VIP,2024-05-12,Kolkata,India,2122.79,119.77,UPI,Delivered,2024-05-17,1
OID944,CUST219,Guest,2024-04-03,Delhi,India,445.36,62.6,PayPal,Shipped,2024-04-07,1
OID945,CUST110,Regular,2024-10-24,Delhi,India,1420.58,76.12,PayPal,Cancelled,,10
OID946,CUST257,VIP,2024-12-26,Ahmedabad,India,3488.25,684.07,PayPal,Pending,2025-01-04,6
OID947,CUST300,Regular,2025-03-01,Kolkata,India,1644.71,256.28,PayPal,Pending,2025-03-13,3
OID948,CUST146,Guest,2025-01-25,Ahmedabad,India,439.14,71.6,PayPal,Cancelled,,6
OID949,CUST292,VIP,2024-06-27,Pune,India,3644.07,578.04,Net Banking,Cancelled,,1
OID950,CUST107,VIP,2024-08-09,Delhi,India,4889.74,946.23,Credit Card,Pending,2024-08-11,3
OID951,CUST230,VIP,2025-02-10,Pune,India,4590.37,125.03,Net Banking,Cancelled,,7
OID952,CUST180,Regular,2024-08-17,Delhi,India,666.67,120.8,PayPal,Pending,2024-08-27,10
OID953,CUST264,Regular,2024-12-17,Hyderabad,India,2035.86,161.85,Debit Card,Shipped,2024-12-25,4
OID954,CUST159,Guest,2024-11-01,Chennai,India,2401.12,147.5,Net Banking,Cancelled,,9
OID955,CUST137,Regular,2024-07-06,Ahmedabad,India,2143.55,203.77,Credit Card,Delivered,2024-07-19,9
OID956,CUST155,Guest,2024-09-04,Mumbai,India,903.65,43.42,PayPal,Delivered,2024-09-08,6
OID957,CUST222,Guest,2024-08-15,Kolkata,India,4377.53,449.6,UPI,Pending,2024-08-24,6
OID958,CUST180,Guest,2024-04-27,Delhi,India,4546.06,343.66,Net Banking,Pending,2024-05-06,8
OID959,CUST173,Guest,2024-08-04,Surat,India,2065.72,260.0,Net Banking,Cancelled,,10
OID960,CUST193,Guest,2025-02-26,Surat,India,957.88,108.78,PayPal,Shipped,2025-02-28,9
OID961,CUST127,VIP,2024-05-13,Hyderabad,India,2976.32,372.66,PayPal,Delivered,2024-05-24,10
OID962,CUST182,Regular,2024-04-14,Mumbai,India,1011.28,67.76,Debit Card,Delivered,2024-04-19,1
OID963,CUST113,Guest,2024-05-20,Surat,India,628.6,3.4,PayPal,Pending,2024-05-25,10
OID964,CUST217,Guest,2024-08-18,Delhi,India,525.54,26.41,Credit Card,Delivered,2024-08-30,1
OID965,CUST165,Regular,2024-12-10,Jaipur,India,3521.52,551.97,Credit Card,Delivered,2024-12-21,10
OID966,CUST119,Guest,2025-02-08,Jaipur,India,3431.59,516.31,Net Banking,Shipped,2025-02-20,7
OID967,CUST283,Regular,2024-10-13,Ahmedabad,India,390.94,73.57,UPI,Cancelled,,2
OID968,CUST207,VIP,2024-10-08,Hyderabad,India,2862.9,13.08,Debit Card,Delivered,2024-10-13,5
OID969,CUST108,Guest,2024-12-21,Kolkata,India,483.75,91.17,Net Banking,Cancelled,,7
OID970,CUST176,Regular,2024-06-15,Pune,India,1689.58,220.28,UPI,Pending,2024-06-17,7
OID971,CUST266,Guest,2024-11-02,Bangalore,India,2836.7,16.16,PayPal,Pending,2024-11-16,1
OID972,CUST268,VIP,2024-12-11,Mumbai,India,599.37,93.76,Credit Card,Delivered,2024-12-13,1
OID973,CUST153,VIP,2024-10-22,Chennai,India,3874.81,44.81,PayPal,Shipped,2024-11-03,5
OID974,CUST122,VIP,2024-09-12,Hyderabad,India,4440.84,361.23,Debit Card,Shipped,2024-09-26,8
OID975,CUST237,Regular,2024-10-18,Delhi,India,2998.55,589.17,Debit Card,Pending,2024-10-20,10
OID976,CUST136,VIP,2024-11-02,Pune,India,2539.79,444.8,Credit Card,Delivered,2024-11-04,3
OID977,CUST116,VIP,2024-06-24,Ahmedabad,India,4135.18,343.22,Credit Card,Cancelled,,4
OID978,CUST246,Guest,2024-12-03,Kolkata,India,2949.45,144.44,Net Banking,Cancelled,,9
OID979,CUST287,Regular,2024-04-05,Ahmedabad,India,3015.62,285.85,Net Banking,Shipped,2024-04-14,5
OID980,CUST144,Guest,2025-02-27,Kolkata,India,1122.44,133.37,UPI,Pending,2025-03-11,7
OID981,CUST194,VIP,2025-03-19,Kolkata,India,3305.17,251.41,Debit Card,Shipped,2025-03-22,4
OID982,CUST115,Regular,2024-09-02,Pune,India,538.27,90.45,Net Banking,Cancelled,,10
OID983,CUST160,VIP,2024-12-20,Delhi,India,3462.17,409.71,Credit Card,Cancelled,,10
OID984,CUST139,Guest,2024-08-28,Mumbai,India,3498.29,103.63,Credit Card,Cancelled,,5
OID985,CUST144,Regular,2024-10-03,Kolkata,India,313.08,25.08,Debit Card,Shipped,2024-10-15,1
OID986,CUST198,Regular,2024-12-13,Delhi,India,2362.96,109.99,Credit Card,Pending,2024-12-15,1
OID987,CUST294,VIP,2024-10-04,Kolkata,India,2070.2,220.98,Debit Card,Delivered,2024-10-10,6
OID988,CUST293,Regular,2024-08-12,Pune,India,2768.66,452.84,Debit Card,Pending,2024-08-15,3
OID989,CUST116,VIP,2025-03-07,Ahmedabad,India,1975.48,92.51,Net Banking,Cancelled,,4
OID990,CUST107,VIP,2024-07-18,Delhi,India,2975.94,67.99,UPI,Cancelled,,1
OID991,CUST125,Guest,2025-01-08,Hyderabad,India,566.23,69.01,PayPal,Cancelled,,8
OID992,CUST151,Regular,2025-02-10,Chennai,India,2136.02,25.91,Debit Card,Delivered,2025-02-18,6
OID993,CUST271,Guest,2024-05-18,Mumbai,India,1630.05,56.69,Net Banking,Shipped,2024-05-31,6
OID994,CUST158,Regular,2024-12-04,Jaipur,India,3492.45,614.1,Debit Card,Delivered,2024-12-15,4
OID995,CUST247,Guest,2024-05-27,Ahmedabad,India,3402.44,678.85,PayPal,Delivered,2024-06-09,10
OID996,CUST268,VIP,2024-04-17,Mumbai,India,4950.91,275.53,UPI,Pending,2024-04-30,6
OID997,CUST198,VIP,2025-01-07,Delhi,India,4145.43,345.67,PayPal,Shipped,2025-01-20,5
OID998,CUST104,Regular,2024-04-17,Chennai,India,2369.36,298.3,Net Banking,Pending,2024-04-26,5
OID999,CUST253,Guest,2024-10-28,Surat,India,1151.44,224.38,Debit Card,Shipped,2024-10-30,10
OID1000,CUST225,VIP,2024-11-15,Kolkata,India,3443.86,569.07,Debit Card,Cancelled,,4
